word,valence,arousal,dominance
nigger,1.67,6.81,2.96
unhappy,1.84,5.1,3.71
puke,1.84,5.05,3.09
molest,1.89,6.43,2.57
worthless,1.89,4.45,2.71
hateful,1.9,5.71,4.32
incurable,1.9,4.9,2.8
motherless,1.9,4.52,4.23
satanic,1.94,5.26,3.92
parasitic,1.95,4.82,2.71
repulsive,1.95,5.12,3.59
moldy,1.95,4.35,4.29
nauseous,1.95,4.18,3.19
maggot,2.0,5.6,3.55
fatal,2.0,6.79,3.54
dead,2.02,3.91,2.66
rude,2.04,4.7,3.8
penitentiary,2.05,6.35,3.43
murderous,2.05,7.05,2.95
dishonesty,2.05,5.39,4.32
catastrophic,2.05,6.25,2.28
negligent,2.05,4.45,4.57
racist,2.05,4.84,4.37
devastating,2.09,5.5,3.96
greedy,2.1,4.76,4.0
amputate,2.1,5.43,3.0
unbearable,2.1,5.76,3.38
frostbite,2.1,7.05,4.0
excruciating,2.1,5.3,3.36
sad,2.1,3.49,3.84
terrible,2.1,4.39,3.4
criminal,2.11,4.49,4.09
suicidal,2.15,4.91,3.24
vengeful,2.16,5.14,3.92
unethical,2.19,4.25,5.32
hopeless,2.2,4.52,2.84
homeless,2.21,4.38,3.78
vile,2.21,5.48,3.83
disastrous,2.21,4.23,3.89
mortuary,2.21,3.59,3.91
bankrupt,2.21,5.49,3.41
invader,2.23,5.67,3.5
helpless,2.24,4.91,3.0
afraid,2.25,5.12,2.71
violent,2.26,6.3,3.65
disgusting,2.27,6.15,4.79
disloyal,2.27,5.14,3.28
awful,2.28,4.86,3.06
sick,2.29,4.67,2.84
harmful,2.29,4.89,4.1
unfriendly,2.3,4.05,4.45
traitorous,2.32,5.25,4.5
malicious,2.32,4.95,4.78
horrible,2.33,5.95,5.16
drown,2.33,5.35,2.65
unfaithful,2.33,5.59,4.44
unforgivable,2.33,6.25,3.56
dishonorable,2.33,5.76,3.71
dangerous,2.33,6.81,2.56
unsuccessful,2.33,3.36,3.21
evil,2.34,5.67,3.6
toxic,2.35,5.29,4.13
crappy,2.35,5.26,3.92
hostile,2.35,5.39,4.36
terrorist,2.35,6.09,3.02
disgraceful,2.35,4.08,2.79
unattractive,2.37,4.3,3.47
jealous,2.38,5.9,4.68
suspect,2.39,4.57,3.22
fecal,2.4,4.52,4.2
grim,2.41,4.48,4.18
decompose,2.42,4.17,3.4
rotten,2.43,4.9,3.37
impoverished,2.43,4.64,3.3
dumb,2.44,5.3,4.39
upset,2.45,4.49,4.3
frightened,2.45,5.61,3.05
mad,2.47,5.59,4.9
ugly,2.47,4.43,3.86
lethal,2.48,5.64,4.72
scornful,2.5,4.71,5.04
arsonist,2.5,6.95,3.42
inoperable,2.5,5.05,3.23
irresponsible,2.5,5.0,3.91
paralyze,2.52,4.47,3.05
toothless,2.52,4.0,3.52
phony,2.52,4.4,4.09
arrogant,2.52,5.15,4.64
negative,2.52,5.05,4.29
poisonous,2.52,5.67,4.0
unpleasant,2.53,4.73,3.54
illegal,2.53,5.55,4.72
stingy,2.53,4.73,4.54
angry,2.53,6.2,4.11
unhealthy,2.55,4.36,5.11
insane,2.55,5.14,3.74
penniless,2.55,5.76,5.6
bloodthirsty,2.55,4.9,4.68
furious,2.57,6.09,3.89
inadequate,2.57,4.3,3.71
frustrating,2.57,5.48,3.72
horrendous,2.58,5.81,3.68
unpaid,2.58,5.62,3.35
painful,2.58,5.52,3.83
frightening,2.58,4.73,3.39
problematic,2.58,4.8,4.65
humiliate,2.6,5.05,3.96
miserable,2.6,5.06,3.86
deceitful,2.6,5.18,4.11
dreadful,2.6,4.5,3.38
dismal,2.6,3.29,4.96
autopsy,2.62,4.36,3.22
sadistic,2.62,5.25,3.43
coronary,2.62,4.67,4.4
saggy,2.62,3.04,4.94
stressful,2.62,5.65,3.97
suffocate,2.62,6.09,3.48
fake,2.62,5.15,4.47
vicious,2.63,6.05,5.5
infectious,2.63,5.14,3.19
wicked,2.63,5.86,3.61
vagrant,2.63,3.82,3.92
depressive,2.64,3.48,3.64
inhospitable,2.65,4.36,3.35
fearful,2.66,5.45,3.12
untrustworthy,2.67,4.8,4.22
unemployed,2.67,5.26,3.38
pest,2.67,5.14,4.36
lonely,2.67,4.37,3.33
illicit,2.68,4.77,3.5
defenseless,2.68,4.9,3.95
disgusted,2.68,4.89,4.24
smother,2.68,4.75,4.2
ungrateful,2.68,4.71,4.74
derogatory,2.7,3.95,3.68
unlucky,2.7,4.62,4.15
belittle,2.7,4.05,2.92
disabled,2.7,3.71,4.52
homophobic,2.7,5.14,4.04
uncomfortable,2.7,5.5,3.68
fussy,2.71,3.61,3.83
crippling,2.71,4.88,2.74
pathological,2.71,3.5,4.0
anorexic,2.71,4.24,3.43
disrespectful,2.71,4.65,3.7
boring,2.71,2.85,6.05
soulless,2.71,4.76,3.72
unwanted,2.71,5.1,3.57
unprofessional,2.71,4.71,3.64
cruel,2.73,5.07,4.78
deceased,2.73,4.86,2.64
unlawful,2.73,4.46,4.87
piss,2.73,4.74,5.63
morbid,2.73,5.29,4.49
unreliable,2.74,4.29,4.22
fugitive,2.74,5.26,4.0
insolent,2.74,5.43,4.12
troublesome,2.74,4.85,5.05
unromantic,2.74,3.55,4.16
extinct,2.74,4.55,3.42
fat,2.74,3.89,4.0
tense,2.75,5.32,4.72
trashy,2.75,5.75,4.73
bigot,2.75,5.37,3.12
unattainable,2.75,4.48,4.12
wimpy,2.76,3.95,3.29
drab,2.76,2.35,4.77
obnoxious,2.76,5.95,4.1
despicable,2.76,4.86,3.24
anguished,2.78,4.79,2.88
menstrual,2.79,4.3,3.37
wartime,2.79,5.43,3.96
unworthy,2.79,4.24,3.45
disappointing,2.79,4.1,4.26
alienate,2.79,4.27,3.71
immoral,2.79,5.42,4.15
illegitimate,2.79,4.0,4.15
blind,2.8,3.73,3.04
psychopathic,2.8,6.0,2.86
putrid,2.8,4.32,3.35
bloated,2.8,3.0,3.24
hectic,2.8,4.45,3.91
overwhelmed,2.8,4.9,2.7
hazardous,2.8,5.25,4.36
scared,2.8,6.1,4.2
annoyed,2.8,5.29,4.08
urinal,2.8,3.62,4.12
useless,2.8,4.39,4.65
limp,2.81,3.0,4.45
disrespect,2.81,5.35,3.95
deadbeat,2.81,4.32,3.89
grumpy,2.81,5.05,5.06
repugnant,2.83,3.64,4.04
unsafe,2.84,5.17,4.0
stupid,2.84,4.34,4.03
sullen,2.84,4.52,4.57
ghoul,2.84,4.95,4.3
bogus,2.84,5.32,3.59
bald,2.85,3.71,4.5
treacherous,2.85,6.0,3.33
irritable,2.85,6.37,4.23
uncooperative,2.86,4.8,3.6
bulimic,2.86,4.3,4.06
uneasy,2.86,4.48,3.82
bossy,2.86,4.68,4.73
bloody,2.86,5.76,3.75
loathsome,2.89,4.45,3.57
spiteful,2.89,4.71,5.13
gruesome,2.89,6.62,3.83
governmental,2.89,3.8,3.04
pitiful,2.89,4.47,3.45
venomous,2.9,7.21,4.23
manipulative,2.9,4.44,3.67
paranoid,2.9,5.09,3.81
cannibal,2.9,6.1,3.2
callous,2.9,3.85,4.26
powerless,2.9,3.95,3.04
hypodermic,2.9,4.78,4.58
needy,2.9,4.68,4.27
rectal,2.9,4.41,4.44
schizophrenic,2.91,5.41,3.1
beggar,2.92,4.29,4.16
appalling,2.95,5.5,4.55
unresponsive,2.95,3.94,3.36
nasty,2.95,5.44,3.98
bored,2.95,3.65,4.96
unpopular,2.95,4.25,3.48
crybaby,2.95,5.05,3.21
spineless,2.95,4.57,4.1
awkward,2.95,4.55,4.25
weak,2.95,4.9,5.32
wither,2.95,3.3,3.82
selfishness,2.95,4.57,4.94
fist,2.95,4.85,4.95
deceive,2.95,5.9,4.58
punitive,2.95,4.62,4.08
mucous,2.95,3.83,4.41
unclean,2.95,4.12,4.19
creep,2.95,4.78,4.63
cheater,2.95,5.95,4.09
unfit,2.95,3.77,4.22
frightful,2.95,5.2,3.55
meaningless,2.95,3.05,3.57
unable,2.96,3.61,3.08
scary,3.0,5.35,3.7
corrupt,3.0,5.98,3.7
backfire,3.0,4.79,3.5
wrongful,3.0,5.48,4.24
spanking,3.0,5.98,4.62
arsenic,3.0,4.7,3.46
servitude,3.0,4.5,2.46
ailment,3.0,3.68,3.14
underprivileged,3.0,3.89,3.35
cranky,3.0,4.71,4.36
judgmental,3.0,5.05,3.79
dishonest,3.0,4.95,5.0
costly,3.0,4.08,4.68
ratty,3.0,3.82,4.78
nuisance,3.0,4.7,3.79
allergic,3.0,5.4,3.81
foolish,3.0,4.57,3.9
unreachable,3.0,3.4,3.5
undesirable,3.0,4.0,3.75
foul,3.0,4.09,4.11
imbecile,3.0,5.17,3.12
shameful,3.0,4.81,4.35
messy,3.0,4.61,4.83
uneducated,3.0,3.9,5.28
annoying,3.0,5.55,3.28
confusing,3.0,5.09,3.95
brutish,3.0,4.74,5.11
diabetic,3.0,3.86,2.73
resentful,3.0,4.35,4.12
narcissistic,3.0,5.0,4.94
inflammatory,3.0,4.67,4.17
scream,3.02,6.74,4.51
handicapped,3.04,3.95,3.45
oppressive,3.05,6.24,3.43
snooty,3.05,4.65,5.25
stagnant,3.05,3.49,4.27
unsavory,3.05,4.35,3.48
intrusive,3.05,5.77,4.47
detest,3.05,5.09,4.65
weepy,3.05,4.0,3.85
contagious,3.05,5.25,3.9
desecrate,3.05,4.12,4.1
unresolved,3.05,4.61,3.32
lazy,3.05,3.05,5.79
monotonous,3.05,2.68,4.55
federal,3.06,4.45,2.76
brutal,3.07,5.13,3.94
aggressive,3.08,5.87,5.49
egotistical,3.08,5.14,5.23
dysfunctional,3.09,4.63,2.95
hurtful,3.09,5.41,3.3
reckless,3.09,5.18,4.4
incorrect,3.09,3.62,4.62
feverish,3.09,5.35,3.79
guilty,3.09,4.65,4.5
thorny,3.1,4.92,3.68
impolite,3.1,5.25,3.95
regretful,3.1,4.56,4.09
lawless,3.1,4.17,3.94
pushy,3.1,4.6,4.23
laxative,3.1,4.14,3.0
inhumane,3.1,5.43,3.36
blemish,3.1,4.81,5.12
nappy,3.1,3.32,4.24
invasive,3.1,6.28,3.23
unbalanced,3.1,4.74,3.21
malignant,3.1,4.42,4.2
fascist,3.1,4.74,3.88
nosy,3.1,4.65,5.04
sleepless,3.11,4.64,3.08
unprepared,3.11,5.09,3.75
pathetic,3.11,3.56,3.18
bitchy,3.11,4.83,4.24
destructive,3.11,6.38,4.85
ineffective,3.11,3.75,3.55
belligerent,3.11,5.0,3.56
troubled,3.11,4.45,3.83
mosquito,3.12,5.17,3.88
disdainful,3.13,4.7,4.48
dizzy,3.14,4.67,3.55
senile,3.14,3.68,3.0
anguish,3.14,5.41,4.27
grievous,3.14,3.92,5.25
shanty,3.14,4.56,4.5
intolerable,3.14,5.41,4.15
overweight,3.14,3.91,3.57
atrocious,3.14,4.12,4.35
barbarian,3.14,6.26,3.67
hideous,3.14,4.95,3.92
fib,3.15,5.6,4.68
achy,3.15,4.48,4.62
gloomy,3.15,3.32,3.15
tantrum,3.15,5.05,3.4
bigamy,3.15,4.36,4.21
unfair,3.15,3.75,4.0
prejudicial,3.16,5.1,4.3
sickly,3.16,4.41,3.85
unjust,3.16,6.33,3.05
uptight,3.16,4.09,4.54
stinky,3.16,3.76,4.29
shaky,3.16,4.33,3.8
hypocritical,3.17,4.5,4.81
crooked,3.17,4.18,3.18
immature,3.17,4.21,4.19
purgatory,3.17,4.41,3.47
distasteful,3.17,5.05,3.92
subdue,3.17,3.3,6.0
tremble,3.18,5.32,3.79
inhuman,3.18,5.24,3.64
blasphemous,3.18,4.62,3.27
desperate,3.19,5.0,3.21
cystic,3.19,3.55,4.26
irritate,3.19,5.85,4.39
old,3.19,4.48,4.22
sacrificial,3.2,5.94,4.46
disruptive,3.2,6.1,4.92
sourpuss,3.2,3.83,3.94
grubby,3.2,3.45,3.91
lame,3.2,2.74,3.45
catatonic,3.2,3.18,4.0
unscrupulous,3.2,4.67,4.04
incompatible,3.2,3.61,3.46
crowded,3.2,3.95,3.45
argumentative,3.2,5.61,4.0
gross,3.2,5.0,4.62
severe,3.21,5.43,4.05
antisocial,3.21,5.32,5.33
incessant,3.21,4.71,3.55
ferocious,3.21,6.67,3.96
erratic,3.21,5.1,4.4
noisy,3.21,5.15,4.42
indebted,3.21,4.25,3.2
communist,3.22,5.1,4.12
diabolical,3.23,5.32,3.3
snub,3.23,3.86,3.75
vindictive,3.24,4.64,4.32
insufficient,3.24,3.57,3.38
evasive,3.24,3.39,5.06
bad,3.24,4.86,3.56
wrong,3.24,5.29,3.39
ignorant,3.24,4.18,4.07
idiotic,3.24,4.56,5.2
dissatisfied,3.25,4.82,4.74
wannabe,3.25,5.05,4.47
weary,3.25,2.9,4.55
sinner,3.25,5.38,5.67
tasteless,3.25,3.86,5.4
moronic,3.25,3.81,3.2
interrupt,3.26,4.36,3.93
pompous,3.26,4.76,3.9
pester,3.26,5.18,4.04
bipolar,3.26,5.0,3.18
possessive,3.26,4.86,5.26
captive,3.27,4.88,3.3
electrocute,3.27,6.0,4.42
abrupt,3.28,5.23,3.75
holdup,3.29,4.96,2.56
unacceptable,3.29,4.43,4.22
delusional,3.29,5.8,3.81
disagreeable,3.29,4.26,4.48
psychotic,3.3,6.14,3.05
revolver,3.3,6.29,4.39
maniacal,3.3,6.0,4.1
selfish,3.3,4.57,5.32
cynical,3.3,4.78,4.95
unbecoming,3.32,4.73,4.36
inconsistent,3.32,3.2,4.3
psychiatric,3.32,4.52,4.76
promiscuous,3.32,5.81,4.9
late,3.32,5.57,4.22
fearsome,3.32,5.45,3.58
rife,3.32,3.4,5.4
indignant,3.32,4.5,5.61
epileptic,3.32,4.62,4.0
scandalous,3.32,5.85,4.52
unfortunate,3.33,3.52,4.21
asthmatic,3.33,3.38,3.84
viral,3.33,5.52,3.62
symptom,3.33,4.17,5.0
shrill,3.33,5.95,3.52
lecherous,3.33,3.79,3.65
jittery,3.35,4.89,3.5
obsessive,3.35,6.14,4.0
unsympathetic,3.35,4.3,4.94
irrelevant,3.35,3.71,4.68
deviant,3.35,5.62,4.38
lonesome,3.35,3.45,4.28
uninvited,3.35,4.38,3.76
inaccurate,3.35,3.95,3.71
expensive,3.36,6.1,6.21
yucky,3.36,4.35,4.36
intestine,3.37,4.5,4.21
dim,3.37,3.55,4.83
timid,3.37,3.15,4.69
petrified,3.37,5.17,3.58
sinful,3.37,5.76,4.09
scarce,3.37,3.9,4.04
spic,3.37,4.57,4.59
unruly,3.39,4.41,4.41
overdue,3.39,4.62,4.37
flabby,3.39,3.39,4.81
clingy,3.39,4.04,4.29
dismissive,3.4,2.67,4.46
eerie,3.4,5.57,3.91
dull,3.4,1.67,4.71
murky,3.4,3.45,3.77
livid,3.42,5.38,4.55
sloppy,3.42,3.64,3.62
punishable,3.42,4.71,4.22
filthy,3.42,4.65,4.46
intolerant,3.43,4.05,4.74
sorrowful,3.43,3.64,4.11
monstrous,3.43,5.9,3.86
inferior,3.43,4.55,3.35
unstable,3.43,5.05,3.75
harsh,3.44,5.63,4.04
abysmal,3.45,3.91,3.76
volatile,3.45,5.35,4.64
cocky,3.45,5.8,5.27
untrue,3.45,4.14,5.12
cynic,3.45,4.68,4.81
serial,3.45,4.33,5.86
anemic,3.45,3.45,3.14
accidental,3.46,4.0,3.41
rigid,3.47,4.81,4.83
soggy,3.47,3.65,4.2
radioactive,3.47,5.64,3.27
dubious,3.47,4.33,5.17
lunatic,3.47,5.64,3.29
suspicious,3.48,5.0,3.95
unqualified,3.48,4.67,4.0
vegetative,3.48,3.37,3.64
grotesque,3.48,4.95,4.15
brute,3.48,4.85,5.55
faulty,3.48,4.68,4.42
unprotected,3.48,5.35,3.12
hesitant,3.48,2.83,5.28
rusty,3.5,4.24,4.51
illogical,3.5,4.78,3.36
slutty,3.5,6.55,5.19
unannounced,3.5,5.05,4.27
unwelcome,3.5,4.39,3.24
irrational,3.5,5.12,3.46
impossible,3.5,4.52,3.5
septic,3.5,3.76,3.05
inexperienced,3.5,3.67,3.64
embarrassed,3.51,5.38,3.67
addictive,3.52,4.82,4.4
infomercial,3.52,4.35,4.67
defective,3.52,4.17,3.67
infirmary,3.52,4.13,4.25
unavailable,3.52,3.85,3.67
envious,3.52,5.1,3.86
alarming,3.52,6.5,4.05
tragic,3.52,5.36,4.2
overwrought,3.52,4.56,4.11
philistine,3.52,3.33,4.86
narcotic,3.52,4.38,3.45
embarrassing,3.53,5.95,3.87
abnormal,3.53,4.48,4.7
obsolete,3.53,3.27,3.61
impatient,3.53,4.61,3.95
unrelenting,3.53,4.86,5.18
icky,3.53,4.36,3.83
careless,3.53,4.27,3.62
regrettable,3.53,5.0,4.43
hungry,3.54,5.6,4.59
unrealistic,3.55,4.39,3.91
heretic,3.55,5.36,5.04
penal,3.55,3.44,3.45
flaccid,3.55,3.14,4.84
incapable,3.55,3.9,2.59
improper,3.55,4.8,4.59
dreary,3.55,3.54,4.28
badness,3.55,4.38,4.08
insensitive,3.55,4.32,4.48
insidious,3.55,4.68,3.58
incomplete,3.55,4.12,3.96
nervous,3.56,5.51,4.02
inadmissible,3.57,4.19,3.21
snippy,3.57,5.8,4.67
devious,3.57,3.83,5.16
childless,3.57,3.29,5.8
vulnerable,3.57,4.5,3.05
misguided,3.58,4.33,3.25
skeptical,3.58,5.45,5.26
untidy,3.58,3.67,4.35
shrunken,3.58,4.43,4.36
flaky,3.58,3.5,3.65
indirect,3.58,3.77,4.41
lewd,3.58,4.41,4.53
disable,3.58,3.6,4.04
solicit,3.59,4.68,4.95
forgetful,3.59,4.45,4.45
prickly,3.59,5.21,4.76
disciplinary,3.6,4.56,4.58
unintelligible,3.6,3.81,3.4
uncertain,3.6,4.45,3.58
devoid,3.61,3.22,3.82
irreversible,3.61,4.09,3.11
stale,3.62,2.68,4.67
tedious,3.62,4.37,4.1
squeamish,3.63,5.45,4.47
bitter,3.63,4.64,4.58
restless,3.63,4.05,4.35
mundane,3.63,2.76,4.0
grimy,3.63,4.4,4.08
hapless,3.63,4.1,4.61
thankless,3.63,4.86,4.68
skeletal,3.63,4.2,5.65
scratchy,3.65,4.82,4.58
epidural,3.65,4.94,4.26
godless,3.65,4.76,5.16
racial,3.65,4.05,4.0
numbskull,3.65,4.0,4.28
strict,3.65,4.5,5.27
unclear,3.67,4.19,4.12
ruthless,3.67,6.0,4.04
tearful,3.67,4.92,3.42
ridiculous,3.67,5.65,3.78
susceptible,3.67,5.19,4.0
rid,3.67,4.38,5.06
estranged,3.67,3.95,4.48
poor,3.67,4.67,4.0
bureaucratic,3.67,3.5,3.64
adverse,3.68,3.89,3.35
smug,3.68,3.5,4.75
doormat,3.68,3.2,4.73
bacterial,3.68,5.0,3.6
displacement,3.68,3.86,4.85
tacky,3.68,4.05,4.58
gray,3.68,2.81,4.77
transsexual,3.68,4.23,4.78
inexcusable,3.68,3.59,3.82
apathy,3.68,3.8,5.15
forceful,3.7,5.36,5.53
fumble,3.7,5.0,4.67
inappropriate,3.7,4.95,4.35
puss,3.7,3.71,4.7
shady,3.71,4.29,4.96
pungent,3.71,4.52,4.37
celibate,3.72,3.0,6.1
deceptive,3.73,4.95,3.86
cardiac,3.73,4.9,3.95
stuffy,3.73,4.61,4.53
mousy,3.74,3.1,3.2
flawed,3.74,4.18,5.11
melancholy,3.74,4.13,3.96
ammonia,3.74,3.0,3.83
juvenile,3.74,3.85,4.12
stubborn,3.74,4.13,5.0
relinquish,3.74,4.5,4.42
inconsequential,3.74,3.15,4.4
contradictory,3.75,4.27,5.3
lumpy,3.75,3.94,4.12
expel,3.75,4.24,4.17
reluctant,3.76,3.6,5.16
pretentious,3.76,4.09,5.29
unattended,3.76,3.68,3.82
impractical,3.77,4.53,4.43
frigid,3.77,3.87,5.61
inquest,3.77,3.71,5.81
empty,3.78,2.25,3.61
difficult,3.78,4.45,3.78
spinal,3.78,4.35,4.72
nefarious,3.79,5.72,4.25
unrequited,3.79,4.23,3.74
superficial,3.79,4.2,4.62
ineffectual,3.79,3.5,4.21
splat,3.79,5.0,4.7
hazy,3.79,2.73,3.79
covert,3.79,4.32,4.96
numb,3.79,2.5,4.04
uncivilized,3.79,4.95,4.12
frantic,3.79,5.39,3.59
materialistic,3.79,4.04,4.6
inconclusive,3.79,4.05,4.2
menial,3.8,3.85,5.32
unspeakable,3.8,3.9,3.73
anxious,3.8,6.2,4.15
offensive,3.8,4.95,5.17
clammy,3.81,2.95,3.45
unconscious,3.81,4.55,2.81
incoherent,3.81,2.96,4.05
despondent,3.81,4.64,3.46
iffy,3.81,4.5,5.21
complicated,3.82,5.75,5.79
futile,3.82,4.71,3.23
paramilitary,3.82,4.05,4.79
inaccessible,3.82,4.05,3.41
negro,3.83,5.27,4.35
indiscreet,3.84,4.38,4.4
uncontrollable,3.84,5.81,2.18
listless,3.84,3.33,4.67
panicky,3.84,7.0,4.13
neurotic,3.84,4.98,4.15
hefty,3.85,4.05,4.88
hoarse,3.85,3.17,5.33
slouch,3.85,3.45,4.79
risky,3.85,5.91,4.42
insufferable,3.85,3.65,3.38
expendable,3.85,5.11,4.0
sleazy,3.85,5.64,4.6
unreasonable,3.85,5.0,5.11
hoax,3.85,5.05,5.26
impersonal,3.85,4.21,4.79
unlikely,3.85,3.82,4.81
confound,3.85,4.38,4.88
uncalled,3.86,3.3,3.65
awkwardness,3.86,4.65,4.13
artificial,3.86,4.17,4.55
cryptic,3.86,5.53,4.33
temperamental,3.86,5.7,4.61
foolhardy,3.86,5.05,4.71
fanatical,3.86,5.87,3.83
shallow,3.86,3.0,5.95
seedy,3.86,4.05,4.7
tiresome,3.86,2.52,4.73
doubtful,3.86,4.55,4.23
malady,3.86,4.48,4.37
brittle,3.86,4.42,4.5
dopey,3.86,2.91,4.2
resistant,3.86,4.0,4.75
charred,3.86,4.68,3.9
bland,3.88,2.43,5.77
neurological,3.89,4.55,4.32
mercenary,3.89,5.14,4.29
rebellious,3.89,6.45,5.46
overwhelming,3.89,4.86,2.61
prolong,3.89,3.29,4.45
testicular,3.89,4.95,4.14
gash,3.89,4.9,3.9
shameless,3.89,4.17,4.58
unaware,3.89,4.1,3.85
smuggle,3.89,5.09,4.23
recant,3.89,4.5,5.29
scrawny,3.89,4.26,3.61
tawdry,3.9,3.35,3.37
ant,3.9,3.27,5.3
wary,3.9,3.96,5.16
mandatory,3.9,3.89,3.54
deplorable,3.9,4.73,4.0
pessimistic,3.9,4.48,4.0
tubby,3.9,3.95,4.64
gastric,3.91,4.16,4.43
gritty,3.94,4.36,4.83
interfere,3.94,4.33,4.71
discontinue,3.94,3.89,4.41
unsuspecting,3.95,3.55,4.05
sour,3.95,4.95,4.34
eject,3.95,4.42,5.18
deactivate,3.95,4.58,6.19
ludicrous,3.95,4.78,4.79
sickle,3.95,3.5,4.32
arterial,3.95,3.39,4.12
critical,3.95,4.95,4.22
orthodox,3.95,3.14,4.75
separate,3.95,3.91,4.14
ominous,3.95,5.57,4.48
oedipal,3.95,3.5,4.54
spastic,3.95,5.05,3.38
jagged,3.95,6.05,4.48
liquidate,3.95,4.36,4.36
retrial,3.95,5.06,4.65
forlorn,3.95,4.08,3.73
bailiff,3.95,4.33,4.86
pious,3.95,3.0,4.25
surgical,3.95,5.0,3.75
fetal,3.95,4.36,4.17
liable,4.0,4.32,5.19
cuss,4.0,6.25,5.35
unthinkable,4.0,4.32,3.8
judicial,4.0,4.59,4.9
anal,4.0,4.29,4.45
abject,4.0,3.94,4.35
slow,4.0,2.89,5.39
anaphylactic,4.0,5.57,4.17
corporeal,4.0,3.5,4.42
circumstantial,4.0,4.5,5.05
incorrigible,4.0,4.78,4.12
droopy,4.0,3.18,4.42
puny,4.0,3.27,4.04
endless,4.0,4.23,3.25
flimsy,4.0,3.77,4.2
brig,4.0,3.29,3.5
unsolicited,4.0,3.73,4.22
unsolved,4.0,5.48,3.48
symptomatic,4.0,4.13,4.94
dispose,4.0,5.53,4.92
disposable,4.0,2.9,3.5
hesitate,4.0,3.96,4.59
faint,4.0,3.74,3.5
hive,4.0,4.28,5.71
renal,4.0,3.77,4.42
delete,4.0,3.71,5.39
unsuitable,4.0,4.0,4.47
remedial,4.05,3.4,4.5
runaway,4.05,3.95,4.41
quibble,4.05,3.7,4.59
sluggish,4.05,3.2,4.5
sloth,4.05,2.9,4.0
repetitive,4.05,3.91,4.89
thoughtless,4.05,4.43,4.45
stringy,4.05,4.27,4.84
irregular,4.05,4.86,4.93
pricey,4.05,4.45,3.54
involuntary,4.05,3.75,4.13
undue,4.05,3.53,4.24
paranormal,4.05,4.42,4.25
abominable,4.05,5.45,4.62
fart,4.05,4.74,3.69
inefficient,4.05,3.96,5.6
improbable,4.05,3.95,4.78
biochemical,4.05,4.21,4.21
incumbent,4.05,3.19,4.21
conspicuous,4.05,3.87,3.94
drunk,4.06,5.05,2.94
unholy,4.08,5.16,4.1
correctional,4.09,4.86,5.05
sacrilegious,4.09,4.11,3.71
stranger,4.09,5.8,4.84
sketchy,4.09,4.96,4.58
pisser,4.1,6.05,4.85
subversive,4.1,4.41,5.33
unaccounted,4.1,4.22,4.54
chunky,4.1,3.41,4.14
vacate,4.1,4.9,4.67
presumptuous,4.1,3.47,4.81
imperfect,4.1,5.05,4.48
soviet,4.1,3.43,4.83
inscrutable,4.1,4.33,4.96
prosthetic,4.1,3.42,5.05
inevitable,4.1,4.27,3.15
inept,4.1,4.2,4.23
primitive,4.1,3.62,3.38
absent,4.1,3.72,4.21
hormonal,4.1,5.41,3.52
castaway,4.1,3.35,4.05
commercial,4.11,4.43,4.35
unhand,4.11,3.78,4.68
armed,4.11,6.3,5.68
socialist,4.11,4.44,4.32
psychiatrist,4.11,4.25,4.1
pale,4.11,3.18,4.18
unauthorized,4.11,4.39,3.94
defiant,4.12,5.9,6.02
strenuous,4.14,5.14,4.65
unavoidable,4.14,4.32,3.78
explosive,4.14,6.62,3.32
rectory,4.14,3.91,5.05
oily,4.14,4.53,4.62
elicit,4.14,5.27,4.4
muddy,4.14,4.2,4.6
clumsy,4.14,4.12,4.0
runaround,4.14,5.14,4.04
infernal,4.14,6.3,4.61
thirst,4.14,4.12,6.0
foursome,4.14,5.17,5.29
unfamiliar,4.14,5.18,4.0
pesky,4.15,4.32,4.67
mistrial,4.15,3.29,4.3
penile,4.15,4.86,4.79
secretive,4.15,5.73,5.81
fiscal,4.15,4.05,5.23
arbitrary,4.15,4.55,4.77
gullible,4.16,4.06,3.59
unheard,4.16,3.18,3.54
rowdy,4.16,4.88,4.7
territorial,4.16,4.29,5.32
compulsory,4.16,3.72,4.06
mutate,4.16,5.88,4.04
rustle,4.16,3.88,5.62
turbulent,4.17,5.9,4.48
unfounded,4.18,3.96,4.57
charlatan,4.18,4.72,4.48
manic,4.19,4.55,3.63
lopsided,4.19,4.42,3.95
outrageous,4.19,5.35,4.56
notorious,4.19,4.68,5.23
fishy,4.2,3.11,3.59
habitual,4.2,3.33,5.32
ragged,4.2,5.2,4.96
transient,4.21,4.04,4.21
biased,4.21,5.52,4.57
complex,4.21,4.6,5.25
ruffian,4.21,5.38,4.39
unlisted,4.21,3.73,5.0
urgent,4.21,5.71,5.35
bulky,4.21,3.95,5.24
unwritten,4.21,3.24,5.1
electoral,4.21,3.86,4.96
naive,4.22,3.86,5.0
transvestite,4.22,5.05,4.5
devilish,4.22,6.38,5.43
turban,4.23,4.13,5.21
unimaginable,4.23,4.65,4.46
mole,4.23,3.81,5.32
huffy,4.24,3.77,5.0
inactive,4.24,3.05,5.04
unfinished,4.24,3.36,5.0
sarcastic,4.24,5.19,5.35
exhaustive,4.24,4.5,4.54
intensive,4.25,4.38,5.9
hasty,4.25,5.35,4.81
flammable,4.25,5.95,4.54
guise,4.25,3.86,4.28
faux,4.25,3.57,4.52
untouchable,4.25,4.7,5.3
crumble,4.25,4.0,4.14
subtract,4.25,3.96,6.1
pointy,4.26,4.55,5.04
abrasive,4.26,6.1,4.94
preemptive,4.26,3.77,5.39
feminist,4.26,3.89,5.12
mule,4.26,2.78,4.5
insatiable,4.26,5.48,2.95
republican,4.26,3.11,5.4
dippy,4.26,4.32,5.26
freaky,4.26,6.05,4.21
atomic,4.26,5.85,3.96
earful,4.27,4.19,4.73
skittish,4.27,4.95,4.21
indifferent,4.28,3.19,4.85
ulterior,4.29,4.71,4.32
savage,4.29,4.68,4.22
tired,4.29,3.67,5.06
touchy,4.29,3.88,3.63
imperialist,4.29,4.17,4.55
spotty,4.29,4.0,4.09
remiss,4.29,3.0,5.4
unfreeze,4.29,3.41,4.35
congressional,4.29,3.82,4.05
stiff,4.29,4.0,4.95
crusty,4.29,3.17,4.75
excess,4.29,5.42,5.29
vague,4.29,3.61,4.19
intravenous,4.29,4.09,4.59
infantile,4.3,3.6,3.77
elusive,4.3,4.5,4.73
nuclear,4.3,7.3,4.12
drafty,4.3,3.73,4.89
retinal,4.32,3.65,4.71
antagonistic,4.32,4.11,4.41
disintegrate,4.32,5.43,4.52
mandible,4.32,3.05,4.9
indistinct,4.32,4.39,4.21
unnoticed,4.32,3.28,4.25
delirious,4.32,5.81,4.61
prior,4.32,3.0,5.17
ramble,4.32,5.0,5.89
gunfighter,4.33,6.1,4.36
colossal,4.33,4.96,5.14
temporary,4.33,3.35,4.29
underestimate,4.35,4.48,5.08
hard,4.35,4.5,4.96
political,4.35,4.0,4.08
infamy,4.36,5.05,4.65
sleepy,4.36,3.04,4.56
radical,4.36,5.27,5.21
excessive,4.37,3.73,4.04
raw,4.37,5.14,4.79
statutory,4.37,5.0,4.32
heavyweight,4.37,3.83,5.53
orthodontist,4.38,4.9,4.22
unnamed,4.38,4.05,4.65
erroneous,4.38,4.64,4.07
unseen,4.38,4.3,4.71
slippery,4.38,5.35,4.0
low,4.39,2.21,3.11
implant,4.39,4.15,4.08
unravel,4.39,4.16,3.84
mortal,4.39,3.55,3.88
shrewd,4.4,4.18,6.29
lengthy,4.4,3.39,5.24
outrank,4.4,4.14,5.73
petty,4.4,4.45,4.67
mumble,4.4,3.19,3.68
bizarre,4.41,5.0,4.5
demographic,4.41,3.73,5.75
unimportant,4.42,3.52,5.32
uniformed,4.42,4.25,4.5
installment,4.42,4.43,5.54
scruffy,4.42,4.38,5.18
rebuttal,4.42,4.6,6.13
chatty,4.42,4.59,5.42
diminutive,4.42,3.5,4.62
unremarkable,4.42,3.52,5.53
titanic,4.42,4.39,4.53
diversionary,4.42,3.52,4.85
forensic,4.42,5.06,4.75
flat,4.43,3.04,4.0
stakeout,4.43,5.9,6.24
sappy,4.43,3.3,4.12
subordinate,4.44,3.09,3.46
tough,4.45,4.24,6.0
arsenal,4.45,5.48,5.25
unofficial,4.45,3.59,5.22
uneven,4.45,3.43,3.54
respiratory,4.45,3.77,5.75
hairless,4.45,5.2,4.96
genital,4.45,5.86,4.74
absurd,4.45,4.02,5.06
feign,4.45,3.72,5.05
proximal,4.45,3.59,5.42
rudimentary,4.45,3.0,5.28
harness,4.47,3.89,4.53
stoic,4.47,3.29,6.04
hyperactive,4.47,6.6,4.48
mischievous,4.48,4.88,4.86
covet,4.48,4.04,5.0
thirsty,4.48,4.08,6.2
abdominal,4.48,3.5,5.32
questionable,4.48,3.55,4.56
imperial,4.5,4.67,4.79
submersible,4.5,4.32,4.83
managerial,4.5,2.81,5.38
generic,4.5,2.5,4.68
compulsive,4.5,4.67,4.35
protestant,4.5,3.0,4.95
consolidated,4.5,3.8,5.54
esophagus,4.5,3.76,5.04
contrary,4.5,3.71,5.36
unpunished,4.5,5.27,5.36
vary,4.5,3.59,5.75
oblivious,4.5,3.5,3.81
byzantine,4.5,3.78,5.29
corral,4.5,3.71,5.35
dependent,4.5,3.73,4.37
stubby,4.5,4.14,5.3
nearsighted,4.5,3.83,3.9
evidentiary,4.5,4.22,4.42
archaic,4.5,4.38,4.62
precarious,4.5,3.7,3.94
exclusive,4.5,5.0,5.58
femoral,4.5,4.28,4.52
coarse,4.5,3.66,5.16
pneumatic,4.5,3.9,4.67
unidentified,4.52,4.89,3.62
ritual,4.52,4.1,5.0
unpredictable,4.52,4.8,3.9
paralegal,4.52,3.28,5.47
loose,4.52,4.3,5.53
carnivorous,4.52,4.48,4.77
unnatural,4.53,5.52,3.78
unrelated,4.53,3.18,4.12
quasi,4.53,5.0,4.43
bushy,4.53,3.95,4.75
superfluous,4.53,4.45,4.58
complacent,4.53,3.71,5.0
tenement,4.55,3.77,5.05
indefinite,4.55,4.8,4.23
inexplicable,4.55,5.0,4.43
impetuous,4.55,4.39,4.77
chaotic,4.55,6.14,3.95
voicemail,4.55,3.83,5.46
proprietary,4.55,3.39,5.44
sledge,4.55,3.25,4.95
conservative,4.55,2.65,4.82
blindfold,4.55,3.65,3.5
final,4.56,4.4,3.94
odd,4.56,4.26,5.42
copacetic,4.56,3.45,6.5
perilous,4.57,4.24,3.52
screwball,4.57,4.05,4.58
murmur,4.57,4.08,4.36
rapid,4.57,6.45,5.24
oblique,4.57,3.18,5.6
antiseptic,4.57,3.15,4.77
temporal,4.57,3.38,5.42
thrower,4.57,3.58,5.24
rival,4.58,4.81,4.74
amateur,4.58,3.55,5.25
typical,4.58,3.37,5.4
rental,4.58,3.73,5.14
mental,4.58,3.68,5.48
dismiss,4.58,3.7,5.08
wily,4.58,4.71,4.6
stonewall,4.58,3.7,5.24
wide,4.58,3.05,6.2
uneventful,4.58,2.56,4.76
hysterical,4.58,6.33,5.13
binary,4.58,3.29,4.6
pragmatic,4.58,3.38,5.45
marginal,4.6,3.57,5.47
mushy,4.6,3.71,5.47
slight,4.6,3.78,5.62
floppy,4.61,4.45,4.65
concerned,4.61,3.95,4.61
vial,4.62,3.6,5.57
incarnate,4.62,4.7,4.83
intracranial,4.62,4.45,4.57
unnecessary,4.62,3.79,4.16
minimal,4.62,3.41,4.67
systematic,4.62,3.52,4.65
confessional,4.62,4.35,4.43
blowfish,4.62,3.95,4.5
squid,4.62,4.04,4.89
unbridled,4.63,4.45,5.0
traceable,4.63,3.61,5.24
platonic,4.63,3.0,5.52
patrolman,4.63,4.57,4.04
corporal,4.63,3.5,4.9
ether,4.63,4.81,4.26
slinky,4.63,3.95,5.21
drastic,4.63,5.2,4.92
squeaky,4.63,4.22,4.88
elderly,4.63,2.73,4.91
thick,4.63,3.13,5.72
schematic,4.63,3.6,5.36
atheist,4.64,4.76,5.41
vacant,4.64,2.86,5.4
extinguish,4.65,4.91,5.47
industrial,4.65,4.72,5.08
startle,4.65,4.4,4.55
solitary,4.65,2.96,6.25
frivolous,4.65,4.22,4.27
foggy,4.65,3.68,4.21
buggy,4.65,4.04,5.33
intermittent,4.65,3.6,4.77
void,4.65,3.95,4.19
skimpy,4.65,4.0,5.28
defensive,4.65,4.28,4.08
medial,4.65,3.55,4.96
solemn,4.66,2.9,5.92
fanatic,4.67,6.17,4.31
loopy,4.67,4.25,4.16
cervical,4.67,5.0,4.67
pithy,4.67,3.32,5.4
mimic,4.67,3.85,6.05
greaser,4.67,4.6,4.94
blank,4.67,2.9,4.68
flush,4.67,4.35,5.62
diaphragm,4.67,3.96,5.24
empirical,4.67,4.14,5.3
impulsive,4.67,6.0,3.72
submissive,4.67,3.32,4.47
fragile,4.67,3.05,4.0
volcanic,4.67,5.6,3.16
disciple,4.67,3.52,4.32
departmental,4.67,4.12,4.71
interim,4.68,3.68,5.4
dense,4.68,3.59,5.08
decimal,4.68,3.35,5.52
psychedelic,4.68,5.64,4.0
quandary,4.68,3.59,4.19
nerdy,4.68,4.3,5.7
semiautomatic,4.68,6.32,4.35
rear,4.68,3.86,5.61
mere,4.68,3.71,5.21
dribble,4.68,3.75,4.67
unexpected,4.68,5.1,3.39
impregnable,4.68,3.95,5.61
horseradish,4.68,3.74,5.11
indigent,4.7,4.19,4.61
cellar,4.7,3.14,4.75
maximum,4.7,5.05,5.62
prone,4.7,3.68,5.4
cubic,4.7,3.0,5.6
gothic,4.7,4.95,5.69
underground,4.7,4.24,5.1
adequate,4.7,3.64,6.89
duplicate,4.7,4.5,5.5
derivative,4.7,3.72,4.59
bagman,4.7,2.7,3.86
indicative,4.71,3.71,4.91
pore,4.71,3.12,4.89
procedural,4.71,4.2,4.36
incomparable,4.71,3.0,4.18
bode,4.71,4.0,4.9
unconfirmed,4.72,4.43,3.37
unmarried,4.72,5.32,6.08
vanquish,4.72,5.05,5.29
strange,4.72,3.5,5.28
ritualistic,4.73,4.58,5.79
controversial,4.73,6.26,4.71
urchin,4.73,4.0,4.68
pubic,4.73,5.24,6.09
spatial,4.73,3.38,5.88
pike,4.73,4.09,5.5
preliminary,4.73,3.73,5.37
finch,4.74,3.52,5.0
bisexual,4.74,4.5,5.09
bodily,4.74,3.71,4.29
distant,4.74,2.95,3.56
previous,4.74,3.59,5.12
jerky,4.74,4.0,4.21
pile,4.74,4.43,5.57
superstitious,4.75,5.95,4.89
unused,4.75,3.0,5.32
subterranean,4.75,5.1,4.88
molten,4.75,4.26,4.08
unmitigated,4.75,4.19,4.94
consecutive,4.75,3.11,5.29
insistent,4.75,3.91,5.54
indigenous,4.75,4.22,4.96
reassign,4.75,3.67,4.94
utter,4.76,3.9,5.33
standard,4.76,3.61,5.14
hanger,4.76,2.92,5.05
auspicious,4.76,3.39,5.5
physiological,4.76,5.04,4.86
opposite,4.77,3.43,4.95
secondary,4.77,3.85,4.96
retroactive,4.77,3.92,5.22
pulmonary,4.77,3.73,4.79
psychological,4.77,4.81,5.33
rabble,4.77,3.14,5.18
pornographic,4.77,6.09,6.21
puffy,4.78,4.5,5.05
heavy,4.78,3.65,3.61
transitional,4.79,4.5,4.86
administrative,4.79,3.21,5.9
periodic,4.79,3.55,4.59
nippy,4.79,5.45,5.14
primal,4.79,5.38,4.52
senior,4.79,3.44,5.26
ongoing,4.79,4.24,5.08
pituitary,4.79,4.4,4.91
unattached,4.79,3.86,5.04
inflatable,4.79,2.8,5.55
countless,4.8,4.22,4.14
unwed,4.8,4.52,5.64
deliberate,4.8,3.48,6.12
rigorous,4.81,5.81,6.18
diagnostic,4.81,4.57,4.33
stepson,4.81,3.65,4.57
yeller,4.81,4.64,4.8
disguise,4.81,4.36,4.76
divvy,4.81,3.27,5.77
minor,4.81,3.26,4.79
ointment,4.81,2.86,5.0
secular,4.81,3.52,5.09
archive,4.81,4.18,5.24
sorry,4.81,4.62,5.65
sarcophagus,4.81,3.7,4.58
blockhead,4.81,4.25,4.88
consecrated,4.81,3.7,4.95
autobiographical,4.82,3.74,5.89
clinical,4.82,4.1,4.7
concrete,4.82,3.63,5.9
explicit,4.82,5.23,4.18
budge,4.83,3.95,4.32
placid,4.84,3.45,5.68
uncut,4.84,3.61,4.76
exempt,4.84,4.43,5.54
passive,4.84,3.55,5.64
cardiologist,4.84,4.7,5.25
defy,4.84,5.43,5.3
prenuptial,4.84,5.29,5.77
labyrinth,4.84,4.24,3.8
unaffected,4.84,3.32,6.45
macho,4.84,3.96,4.94
conjugal,4.84,4.72,5.47
focal,4.85,3.94,6.41
sheath,4.85,4.05,5.95
unknown,4.85,4.71,3.79
untraceable,4.85,3.62,5.16
precinct,4.85,3.95,4.88
palpable,4.85,4.59,5.37
flashy,4.85,5.77,5.78
unborn,4.86,5.28,3.95
indulgent,4.86,4.68,5.85
infamous,4.86,4.32,5.04
dry,4.86,3.8,6.21
ocular,4.86,4.0,5.42
mouthful,4.88,3.8,4.64
fleshy,4.89,5.3,3.95
municipal,4.89,3.05,4.92
sedative,4.89,3.45,4.21
singular,4.89,3.12,5.24
bulk,4.89,3.43,5.05
compel,4.89,4.33,5.59
daredevil,4.89,6.33,5.28
cloudy,4.89,3.36,3.65
average,4.89,3.29,5.59
anterior,4.89,3.36,4.64
hunky,4.9,4.57,5.2
reputed,4.9,3.68,5.52
blurt,4.9,4.64,3.95
sole,4.9,3.78,5.27
joust,4.9,5.61,5.11
tolerable,4.9,4.4,5.73
corporate,4.9,4.74,5.05
monk,4.9,2.61,5.04
potent,4.9,5.05,5.91
reiterate,4.9,3.62,6.2
streetlight,4.9,3.78,5.38
gravitational,4.91,5.0,4.37
unturned,4.91,3.84,5.19
woolen,4.91,3.38,5.38
primordial,4.91,4.88,5.58
unscrew,4.94,3.2,5.28
hypothetical,4.94,4.43,5.71
untold,4.95,4.7,4.92
corrective,4.95,4.05,5.16
untie,4.95,2.8,5.18
oral,4.95,4.33,4.56
presidential,4.95,4.06,5.18
peripheral,4.95,3.86,5.52
dusky,4.95,4.55,4.58
executive,4.95,4.32,4.95
umpteen,4.95,3.86,5.17
impenetrable,4.95,4.61,4.19
socialite,4.95,4.24,4.47
trendy,4.95,4.23,5.83
arithmetic,4.95,4.0,5.54
briar,4.95,4.0,4.58
routine,4.95,3.15,6.27
urban,4.95,4.41,4.5
whammy,4.95,5.75,4.48
narrow,4.95,4.53,5.19
compact,4.95,3.75,5.0
copier,4.95,3.17,6.16
fundamental,4.95,3.56,5.33
catholic,4.95,2.83,4.17
metric,4.95,3.67,5.13
metropolis,4.95,4.95,5.6
reciprocal,4.95,3.28,4.67
pheasant,4.95,4.05,5.69
regional,4.95,4.95,5.08
cerebral,4.95,3.7,6.76
offshore,4.95,3.5,4.13
manual,4.95,3.17,6.48
attic,4.95,3.45,5.36
ravenous,4.95,4.9,4.09
apparent,4.96,3.19,6.4
preppy,4.96,4.35,6.05
technical,5.0,5.28,6.24
financial,5.0,4.55,4.82
vamp,5.0,5.3,4.1
undetectable,5.0,4.3,4.42
cubby,5.0,3.71,5.65
sill,5.0,3.36,5.41
invisible,5.0,3.95,4.27
thumper,5.0,4.09,4.83
principle,5.0,3.27,5.48
whopping,5.0,4.0,4.54
heady,5.0,3.52,5.28
preposterous,5.0,5.95,5.14
telepathy,5.0,5.7,5.26
relentless,5.0,4.74,5.88
ingest,5.0,3.56,6.26
inaugural,5.0,3.78,5.14
flamboyant,5.0,5.52,5.15
antiquated,5.0,4.95,4.69
multiple,5.0,4.0,5.64
slurp,5.0,4.81,5.67
virginal,5.0,4.67,6.53
ballistic,5.0,4.09,4.3
uncanny,5.0,4.71,5.03
capricious,5.0,4.2,5.35
net,5.0,3.0,4.61
assemblyman,5.0,3.12,5.21
linguist,5.0,3.71,5.59
transatlantic,5.0,4.84,5.42
fateful,5.0,4.5,4.8
staple,5.0,4.48,4.76
milky,5.0,3.7,5.37
customary,5.0,3.44,4.94
retail,5.0,3.62,6.12
unexplainable,5.0,3.94,3.76
med,5.0,3.52,5.64
repose,5.0,2.48,5.68
unchanged,5.0,2.68,4.5
inconceivable,5.05,4.41,4.47
indescribable,5.05,5.7,5.21
intermediate,5.05,3.28,4.94
inconspicuous,5.05,3.55,5.67
auditory,5.05,4.5,6.11
linear,5.05,3.2,6.0
informal,5.05,3.24,5.58
asinine,5.05,4.63,4.81
stately,5.05,3.1,5.27
fluid,5.05,4.04,5.75
rhetorical,5.05,3.74,5.12
custodial,5.05,3.42,4.9
cunning,5.05,4.9,6.58
domestic,5.05,2.8,6.12
particular,5.05,3.9,7.53
ordinary,5.05,2.86,5.89
tactical,5.05,4.27,5.46
eventual,5.05,3.42,4.75
comparative,5.05,3.91,6.56
ostentatious,5.05,5.25,4.4
hydraulic,5.05,4.11,4.81
ubiquitous,5.05,3.81,5.32
buckle,5.05,3.76,4.83
adjoining,5.06,3.52,4.65
permanent,5.06,3.82,4.32
mutant,5.06,4.61,4.53
genteel,5.09,2.38,6.0
cosmetic,5.09,4.87,5.74
weird,5.09,4.29,4.75
residual,5.09,3.19,4.23
bittersweet,5.09,4.21,4.52
evident,5.1,3.76,6.16
tentative,5.1,3.4,5.16
electromagnetic,5.1,5.22,4.86
economic,5.1,3.62,4.21
gradual,5.1,2.95,5.84
navigational,5.1,4.0,6.42
forthcoming,5.1,4.09,6.0
poignant,5.1,4.09,6.44
gargle,5.1,3.48,6.61
nominal,5.1,3.55,4.61
disinfectant,5.1,2.96,5.8
nitrous,5.1,5.25,5.35
mnemonic,5.1,3.45,5.32
beluga,5.1,3.77,5.74
authenticate,5.1,4.36,5.78
tiny,5.1,4.6,6.16
mammy,5.1,3.82,4.7
statistical,5.1,3.19,4.92
waitress,5.1,3.5,4.95
graphic,5.1,4.7,5.08
salty,5.1,3.94,5.14
collarbone,5.1,2.86,5.41
emulate,5.11,4.15,5.83
kinetic,5.11,4.95,5.29
inner,5.11,3.5,5.71
vein,5.11,3.7,4.57
upright,5.11,3.29,6.11
inhabitant,5.11,3.57,5.69
square,5.11,3.33,5.3
emotional,5.11,5.32,4.5
widespread,5.11,4.05,3.81
audacious,5.11,4.28,5.41
methodical,5.11,3.76,5.43
intricate,5.11,4.48,5.13
southbound,5.14,3.67,6.14
broad,5.14,3.26,4.23
dual,5.14,4.39,5.21
plating,5.14,3.29,6.33
manned,5.14,4.47,5.71
cannonball,5.14,4.24,4.84
crazy,5.14,5.9,4.19
ironclad,5.14,3.77,6.09
silent,5.14,3.21,6.59
meticulous,5.14,4.8,5.36
dominant,5.15,5.36,6.78
ablaze,5.15,6.75,4.58
alternate,5.15,3.48,5.2
preferential,5.15,3.68,5.38
laundry,5.15,4.5,6.09
optical,5.15,3.44,5.12
mass,5.15,3.56,5.47
veritable,5.15,3.77,5.11
obscure,5.15,3.1,4.48
outboard,5.15,3.43,5.25
instantaneous,5.16,4.72,5.96
codfish,5.16,3.05,4.95
overzealous,5.16,5.9,5.19
interpretive,5.16,2.9,6.3
paramedic,5.16,4.9,4.5
subsequent,5.16,4.0,5.22
carnal,5.16,6.24,5.17
crucial,5.16,4.14,4.91
certifiable,5.16,4.68,4.71
shy,5.16,3.33,4.5
tomcat,5.16,4.74,4.58
ambiguous,5.16,4.0,5.12
dotty,5.16,3.55,4.8
admissible,5.16,2.9,6.21
diagonal,5.17,3.29,5.13
tribal,5.17,4.56,4.58
dramatic,5.17,6.59,4.77
massive,5.18,5.79,5.71
spitfire,5.18,5.42,5.5
feeder,5.18,4.22,4.95
internal,5.18,3.67,6.25
polar,5.19,3.95,4.1
collective,5.19,2.86,5.4
elemental,5.19,4.35,4.77
overactive,5.19,5.12,4.27
outer,5.19,3.27,5.19
subliminal,5.19,4.17,3.78
incidental,5.19,3.27,5.5
prodigious,5.19,3.45,5.67
annual,5.19,3.7,4.9
pivotal,5.19,3.41,5.52
religious,5.2,4.63,6.23
macro,5.2,3.85,5.45
houseguest,5.2,3.67,4.96
friar,5.2,3.26,5.62
stable,5.2,3.11,6.33
gab,5.2,3.78,4.04
jugular,5.2,4.56,4.84
postal,5.21,3.41,4.83
imperative,5.21,3.67,4.65
tweak,5.21,4.7,6.3
prominent,5.21,4.05,5.55
impervious,5.21,4.36,4.58
scramble,5.21,4.85,5.0
scribble,5.21,3.76,5.6
middle,5.22,2.85,5.11
cordon,5.22,2.55,4.48
provincial,5.22,2.85,5.0
formulate,5.22,2.64,5.46
close,5.23,3.81,5.94
crisp,5.23,3.95,6.14
bilateral,5.23,2.86,5.23
ovary,5.23,3.67,5.14
balmy,5.23,4.23,5.47
capitalist,5.24,3.08,5.3
legal,5.24,3.35,6.68
geometric,5.24,4.21,5.36
buckwheat,5.24,2.7,6.22
marital,5.24,4.91,5.43
sharp,5.24,6.0,4.92
synonymous,5.24,3.41,5.47
cheap,5.24,4.47,5.89
grandiose,5.24,4.84,5.1
untouched,5.24,3.52,4.81
pertinent,5.24,4.83,5.5
hereditary,5.25,4.05,4.0
hypnotic,5.25,3.73,3.94
imminent,5.25,3.45,3.55
unintentional,5.25,3.52,3.29
prophetic,5.25,4.05,4.74
olden,5.25,3.17,4.46
predictable,5.25,2.86,6.64
airborne,5.25,3.52,4.48
extensive,5.25,4.75,5.71
rectangular,5.25,2.7,5.5
abstract,5.25,3.96,5.53
metallic,5.26,4.32,5.17
coax,5.26,4.48,5.05
rosary,5.26,3.36,4.5
auxiliary,5.26,3.61,5.81
approximate,5.26,3.82,4.95
beige,5.26,2.6,5.05
main,5.27,4.1,6.79
surrogate,5.27,4.27,4.5
foremost,5.27,3.81,6.04
wooden,5.27,4.0,5.79
unmanned,5.28,3.33,4.05
innocuous,5.28,3.7,4.78
mathematical,5.29,3.48,6.0
nautilus,5.29,3.76,5.6
gummy,5.29,4.0,5.04
spoonful,5.29,2.62,5.85
partial,5.29,3.8,5.59
stout,5.29,3.35,4.86
bodyguard,5.29,4.55,5.64
husky,5.29,3.71,5.04
prudent,5.29,3.44,5.95
nocturnal,5.29,3.48,5.61
eyeful,5.29,5.15,5.4
unprecedented,5.29,4.32,4.78
verbal,5.29,3.76,6.32
parallel,5.29,2.87,5.56
mayflower,5.29,2.91,5.26
unpack,5.29,2.9,5.45
theatrical,5.3,5.36,6.95
penis,5.3,5.9,6.21
permissible,5.3,3.3,6.12
technological,5.3,4.56,6.25
identical,5.3,4.4,5.35
collegiate,5.3,4.95,5.85
multinational,5.3,3.94,5.33
principal,5.3,4.3,5.26
primary,5.32,3.25,6.35
general,5.32,3.71,5.24
steep,5.32,4.95,5.04
conclusive,5.32,3.92,6.79
monthly,5.32,3.5,4.67
proverbial,5.32,3.24,5.25
joint,5.32,4.5,6.16
sonic,5.32,4.82,5.45
upholstery,5.32,3.12,5.61
total,5.32,4.25,6.89
central,5.33,3.5,5.76
secret,5.33,4.14,5.41
prairie,5.33,2.41,5.38
righty,5.33,3.62,5.56
obvious,5.33,3.65,6.47
bitsy,5.33,3.05,4.78
posterior,5.33,2.9,5.12
missionary,5.33,4.24,5.6
tablecloth,5.33,2.81,6.28
subject,5.33,4.2,6.37
continuous,5.33,3.27,5.77
famed,5.33,3.9,4.71
alternative,5.33,3.61,6.33
tidal,5.33,5.05,5.32
public,5.33,3.35,4.94
manageable,5.33,3.05,6.86
undo,5.35,3.52,6.44
lucid,5.35,4.78,5.27
topical,5.35,3.29,5.73
uncommon,5.35,3.2,4.86
uninterrupted,5.35,3.32,6.74
gigantic,5.35,5.89,5.54
opiate,5.35,5.06,5.12
nutty,5.35,4.72,5.29
numerous,5.35,3.39,6.25
dub,5.35,4.58,5.36
thermal,5.36,3.48,5.09
junior,5.36,4.15,6.26
topless,5.36,6.61,5.68
firm,5.36,4.3,6.58
ethnic,5.36,3.55,5.05
skinny,5.36,4.27,5.79
observatory,5.36,4.61,5.95
assertive,5.37,5.55,6.04
intrepid,5.37,3.95,5.5
unparalleled,5.37,3.85,5.65
random,5.37,4.15,4.71
eastern,5.37,3.48,4.48
formal,5.37,4.48,5.61
transparent,5.37,3.45,5.33
intentional,5.37,3.89,6.0
eccentric,5.37,5.19,6.1
interchangeable,5.37,3.77,5.75
reservoir,5.37,3.22,5.0
cranial,5.37,4.62,4.83
automotive,5.37,4.5,5.38
external,5.37,3.0,5.5
initial,5.38,4.09,5.27
adolescent,5.38,4.2,4.0
indivisible,5.38,4.1,4.95
miscellaneous,5.38,4.0,5.11
bobcat,5.38,5.0,4.36
unorthodox,5.38,3.45,5.32
ditty,5.38,3.68,5.05
sheer,5.38,5.55,5.44
elective,5.38,3.54,6.35
conducive,5.39,3.85,5.78
necessary,5.39,3.38,4.89
northwestern,5.39,3.05,5.13
single,5.39,3.85,4.83
usher,5.39,3.95,5.8
undeniable,5.4,3.5,4.68
missy,5.4,3.39,4.82
black,5.4,3.58,5.48
comparable,5.4,4.0,5.95
martial,5.4,4.23,4.59
scoreboard,5.4,4.59,5.4
levitate,5.4,6.1,5.04
busy,5.41,4.52,4.44
other,5.41,3.48,6.0
rehearse,5.42,4.2,6.67
glossy,5.42,4.33,5.88
ironic,5.42,4.39,4.46
pelvic,5.42,3.73,4.39
bionic,5.42,5.18,4.91
remote,5.42,3.5,5.54
recent,5.42,3.82,4.86
absolute,5.43,3.48,5.58
supplement,5.43,3.22,5.22
aesthetic,5.43,2.88,5.5
burst,5.43,5.09,4.45
painkiller,5.43,3.39,4.67
cinematography,5.43,4.0,6.04
overdrive,5.43,5.16,5.53
sleepyhead,5.43,2.85,4.7
insightful,5.43,4.27,6.85
private,5.44,3.62,4.33
deep,5.44,3.9,4.94
uncharted,5.44,5.1,5.0
exonerate,5.44,3.83,5.82
stationary,5.45,2.72,5.9
uninhabited,5.45,3.56,3.79
adamant,5.45,5.74,6.38
competitive,5.45,5.7,5.5
promotional,5.45,4.77,6.53
medicinal,5.45,5.87,5.16
probable,5.45,3.35,5.38
blameless,5.45,3.74,5.19
circular,5.47,3.4,5.25
circulatory,5.47,4.29,5.32
conventional,5.47,3.77,5.68
everyday,5.47,3.14,5.96
provocative,5.47,5.9,4.8
thin,5.47,4.5,5.33
communal,5.47,3.0,4.89
civilian,5.48,3.7,5.58
cavalier,5.48,4.0,5.52
dabble,5.48,3.05,5.41
metaphysical,5.48,4.0,5.37
commonplace,5.48,3.0,5.47
apothecary,5.48,4.23,5.35
anesthetic,5.48,3.23,4.72
specific,5.48,2.55,5.89
parchment,5.48,2.9,5.23
tiara,5.48,5.05,5.23
usual,5.48,3.2,6.58
gobble,5.5,4.96,5.28
decode,5.5,4.59,6.58
subconscious,5.5,4.0,3.72
glacier,5.5,3.88,4.55
molecular,5.5,3.52,5.14
bare,5.5,4.65,5.58
investigative,5.5,5.8,5.69
agricultural,5.5,3.55,5.74
flicker,5.5,5.15,5.38
occasional,5.5,2.45,4.72
neutral,5.5,3.45,5.81
orbital,5.5,4.24,5.48
basic,5.5,2.95,6.05
major,5.52,4.24,5.28
doable,5.52,4.24,6.65
brown,5.52,3.32,4.65
pacifier,5.52,3.2,5.11
umbilical,5.52,3.36,4.33
formidable,5.52,3.96,5.56
various,5.52,3.82,4.86
outlive,5.52,4.39,5.15
lenient,5.52,3.61,5.54
conscious,5.53,4.3,6.05
discretionary,5.53,3.0,5.11
jeep,5.53,4.05,5.0
unbeatable,5.53,5.25,6.42
classified,5.53,4.61,4.68
moist,5.53,4.2,4.5
spectral,5.53,4.95,4.11
governess,5.53,2.82,5.17
caviar,5.53,3.8,5.53
prodigal,5.53,3.57,5.87
current,5.53,3.25,5.9
lustful,5.53,6.6,5.04
freckle,5.53,3.36,4.43
subatomic,5.53,4.57,3.89
spunky,5.55,5.0,7.21
tavern,5.55,4.22,5.0
objective,5.55,4.38,6.47
rainy,5.55,4.33,4.44
distinct,5.55,3.67,5.8
snappy,5.55,5.05,5.68
astonish,5.55,5.38,6.0
mahjong,5.55,3.61,5.64
roman,5.55,4.36,5.78
bashful,5.55,4.36,4.74
eggplant,5.55,3.14,5.77
unanimous,5.55,4.24,4.7
organic,5.55,4.29,6.17
journalistic,5.55,3.2,6.45
unsupervised,5.55,4.36,5.95
talkative,5.56,4.45,5.79
swallow,5.57,3.78,5.72
ripe,5.57,4.78,5.72
reflective,5.57,3.38,6.84
definitive,5.57,3.83,5.24
unbelievable,5.57,5.4,5.37
frequent,5.57,4.05,5.88
afloat,5.57,4.13,4.96
global,5.57,3.7,4.77
electrical,5.57,6.0,4.97
undisputed,5.58,4.13,5.53
ahoy,5.58,3.95,5.45
usable,5.58,3.43,6.11
establish,5.58,3.72,6.29
rite,5.58,3.9,5.41
posh,5.58,3.95,5.45
exact,5.58,3.95,5.7
undercover,5.58,3.73,4.96
privileged,5.58,4.67,6.27
exemplary,5.58,4.79,6.57
functional,5.58,3.85,5.26
eminent,5.58,4.95,5.09
centennial,5.58,2.86,6.09
reborn,5.59,4.89,5.3
irreplaceable,5.59,4.62,3.95
flip,5.6,4.62,5.32
conceivable,5.6,4.41,6.53
extraterrestrial,5.6,5.86,4.38
structural,5.6,3.67,5.27
operational,5.6,4.32,5.81
optic,5.6,3.48,5.32
medieval,5.6,4.4,5.29
capsule,5.6,3.45,5.56
invaluable,5.6,5.21,5.14
purple,5.6,4.05,5.85
sacrament,5.61,3.35,4.24
ingenious,5.61,5.45,6.6
ecological,5.62,3.81,5.08
advisable,5.62,4.36,5.86
incoming,5.62,4.15,4.81
debatable,5.62,5.8,4.86
evolutionary,5.62,5.59,4.43
android,5.62,3.5,5.75
steeple,5.62,3.04,4.89
designate,5.62,4.6,5.61
national,5.62,3.45,6.63
subtle,5.62,3.37,5.09
practical,5.63,3.5,6.04
tangible,5.63,4.18,6.56
rickshaw,5.63,4.3,5.32
earthly,5.63,3.55,5.83
unopened,5.63,3.32,5.18
karmic,5.63,4.22,4.19
conceive,5.63,4.95,5.92
attendant,5.63,3.14,5.09
seminary,5.64,3.81,5.12
wet,5.64,5.0,6.11
big,5.64,4.33,5.61
solid,5.65,2.36,6.15
extreme,5.65,6.18,5.88
velour,5.65,4.0,5.26
experimental,5.65,5.57,4.62
northern,5.65,3.17,5.08
tumble,5.65,4.9,4.52
tenacious,5.65,4.78,5.42
intense,5.65,6.6,5.57
international,5.65,3.95,5.33
southern,5.67,3.09,5.39
inseparable,5.67,4.32,4.9
short,5.67,2.62,4.39
adoptive,5.67,4.4,5.59
ceremonial,5.67,4.4,5.36
ensemble,5.67,3.86,5.4
psychic,5.67,4.71,5.43
clandestine,5.67,3.95,4.33
rink,5.67,3.32,4.62
red,5.67,5.02,5.2
organist,5.67,2.25,5.2
vaginal,5.67,5.71,4.64
bearded,5.67,5.53,6.06
entire,5.67,2.85,5.06
reproductive,5.68,4.83,4.74
vast,5.68,4.71,5.45
constitutional,5.68,3.86,5.41
cellular,5.68,3.67,5.74
chestnut,5.68,3.43,5.63
cognitive,5.68,5.27,6.47
burlesque,5.68,5.3,4.74
coincidental,5.68,4.15,4.46
proper,5.68,2.85,7.15
prehistoric,5.68,4.55,4.5
enormous,5.68,5.05,6.0
sustain,5.68,3.73,6.45
precautionary,5.68,4.32,5.0
excitable,5.68,5.43,6.55
symbiotic,5.7,4.05,5.16
citywide,5.7,4.57,5.38
intangible,5.7,3.19,4.28
christen,5.7,3.1,4.77
fiery,5.7,5.64,5.89
cheeky,5.7,5.47,5.57
upper,5.7,3.52,6.33
suitable,5.7,3.0,6.16
accountable,5.7,4.2,5.57
elite,5.71,5.9,5.34
sunup,5.71,3.28,5.21
bottomless,5.71,4.3,4.64
equestrian,5.71,3.35,5.5
popular,5.71,4.74,5.19
elastic,5.71,4.35,5.05
persistent,5.71,5.58,6.24
lanky,5.71,4.32,5.11
resilient,5.71,4.65,5.52
unconventional,5.71,4.8,4.62
atmospheric,5.72,4.09,5.11
pebble,5.72,2.85,4.67
embodiment,5.72,3.78,4.91
bearable,5.72,3.57,5.47
silvery,5.72,3.67,4.88
memorial,5.72,3.25,5.24
huge,5.72,4.24,4.89
punctual,5.73,4.27,6.85
premarital,5.73,4.76,5.86
hot,5.73,4.76,5.0
boyish,5.73,4.63,5.62
bible,5.74,3.65,5.0
civic,5.74,3.5,5.5
ceramic,5.74,3.57,5.47
veterinary,5.74,3.75,5.33
wedlock,5.74,4.45,4.91
monumental,5.74,5.24,6.06
ultimate,5.74,5.1,5.75
powwow,5.74,4.76,5.39
vest,5.74,4.1,6.25
potted,5.74,2.8,4.9
descriptive,5.74,3.45,6.48
perpetual,5.75,3.55,5.36
reopen,5.75,4.14,5.68
pediatric,5.75,3.78,5.38
vigorous,5.75,5.63,6.35
helix,5.75,3.5,5.24
fable,5.75,4.09,5.9
shepherd,5.75,3.05,5.72
anonymous,5.75,4.13,5.48
direct,5.75,4.29,6.38
amphibious,5.75,5.7,4.85
voluntary,5.76,3.95,6.71
prospective,5.76,4.78,5.75
symmetrical,5.76,3.24,5.05
optional,5.76,2.59,7.11
visible,5.76,4.15,6.12
lesbian,5.76,6.04,5.34
small,5.76,3.43,4.53
botanical,5.77,3.25,5.73
soundproof,5.77,2.9,5.82
large,5.77,5.35,5.05
high,5.77,4.1,5.76
unexplored,5.77,5.86,5.47
bib,5.78,3.57,5.16
double,5.78,3.38,5.11
ethical,5.78,3.78,5.71
definite,5.79,4.19,5.39
interior,5.79,3.86,5.54
swish,5.79,3.95,5.8
aristocratic,5.79,3.18,4.43
sensuous,5.79,5.86,5.61
cleaner,5.8,3.17,6.14
precocious,5.8,3.5,4.81
cosmopolitan,5.8,3.86,5.65
civil,5.8,2.95,6.04
roomful,5.8,3.68,5.26
lusty,5.8,5.59,4.84
waterproof,5.8,3.78,6.0
teenage,5.8,5.26,5.05
perceive,5.81,4.43,6.0
constructive,5.81,4.17,6.58
unusual,5.81,4.15,4.55
pristine,5.81,3.48,6.18
twin,5.81,3.95,4.09
upward,5.81,4.43,5.5
vocal,5.81,3.91,6.28
instinctive,5.81,4.04,5.88
dressy,5.82,4.15,7.55
assorted,5.82,3.52,5.41
spiritual,5.82,4.82,6.3
enchantress,5.82,4.1,5.68
vouch,5.83,3.58,5.88
chief,5.83,3.25,4.89
postman,5.83,3.2,4.79
midtown,5.83,4.2,5.54
erotic,5.83,7.27,5.9
pendant,5.83,4.05,5.68
swift,5.83,4.88,6.24
bronco,5.83,4.25,4.28
relevant,5.84,2.95,5.74
vital,5.84,5.15,6.5
homestead,5.84,3.45,5.95
persuasive,5.84,4.87,5.37
feasible,5.84,4.2,6.79
mammoth,5.84,4.09,5.23
commemorative,5.84,4.3,5.39
metropolitan,5.84,4.91,5.42
unstoppable,5.84,4.82,6.5
padre,5.84,3.57,5.0
adhesive,5.84,3.2,4.88
instant,5.84,4.33,6.22
literal,5.84,4.35,6.32
sleeper,5.84,3.04,5.86
wiki,5.85,3.64,6.63
mosey,5.85,4.5,5.36
stainless,5.85,3.36,5.56
garnish,5.85,3.7,5.33
immediate,5.85,4.64,5.84
fictitious,5.85,4.38,4.64
native,5.85,3.05,6.05
funky,5.85,4.9,5.4
countess,5.85,3.55,6.41
suburban,5.85,3.41,5.69
rational,5.85,4.26,6.19
horizontal,5.86,4.25,4.45
mini,5.86,3.0,5.16
similar,5.86,3.43,5.8
triple,5.86,5.6,4.75
existential,5.86,4.28,6.06
petite,5.86,4.78,5.37
whole,5.86,3.48,6.24
stew,5.86,2.95,5.36
benign,5.86,3.26,6.0
noticeable,5.86,4.25,5.75
brisk,5.86,5.3,6.11
infallible,5.86,3.79,5.3
subjective,5.86,3.56,5.21
paternal,5.86,3.27,5.59
antibiotic,5.88,4.05,5.72
serious,5.88,4.05,5.67
timeless,5.89,3.4,5.45
interactive,5.89,4.28,5.29
testimonial,5.89,3.15,4.8
ample,5.89,3.28,6.04
realistic,5.89,4.09,6.77
famous,5.89,4.2,5.4
relive,5.89,4.22,5.47
factual,5.89,3.18,7.13
threesome,5.89,5.7,6.0
equivalent,5.89,3.95,5.57
untamed,5.89,4.3,4.64
operative,5.9,4.36,6.05
java,5.9,5.05,6.16
regal,5.9,3.25,4.38
respective,5.9,3.76,6.42
impeccable,5.9,4.88,6.18
tolerant,5.9,3.09,6.0
diplomatic,5.9,4.45,5.62
lightweight,5.9,3.05,5.36
nouveau,5.9,3.1,4.76
earnest,5.9,3.81,6.67
constant,5.9,2.81,6.36
childlike,5.9,5.15,5.14
prenatal,5.9,3.55,4.18
wayward,5.9,4.21,4.91
speedy,5.9,5.1,6.16
little,5.91,4.2,5.18
different,5.91,3.95,6.47
portable,5.91,3.38,6.86
hygienic,5.91,3.86,7.14
common,5.94,2.43,5.83
affirmative,5.94,3.64,6.78
influential,5.94,4.33,6.52
informative,5.94,3.89,6.47
agile,5.95,4.95,6.09
coherent,5.95,3.09,5.96
amorous,5.95,4.21,6.0
bistro,5.95,4.33,5.18
tale,5.95,3.09,6.19
scientific,5.95,4.22,6.12
benevolent,5.95,3.6,5.0
veranda,5.95,2.83,6.18
inherent,5.95,3.71,5.68
sundial,5.95,3.22,5.19
interstellar,5.95,4.95,5.33
literary,5.95,3.9,6.43
rural,5.95,3.15,5.57
locomotive,5.95,5.5,5.23
gleam,5.95,3.65,7.0
mariachi,5.95,4.43,5.33
cushy,5.95,4.23,5.81
expressive,5.95,5.5,7.39
marine,5.95,3.44,5.14
sober,5.95,4.32,6.86
notable,5.95,3.45,6.23
stellar,5.95,4.33,6.12
exploratory,5.95,4.29,5.88
fictional,5.95,3.61,5.89
sublime,5.95,3.82,5.21
mammal,5.95,3.81,6.0
kebab,5.95,3.65,5.23
contemporary,5.95,3.81,5.43
mature,5.95,3.48,7.05
indestructible,5.95,4.32,5.63
perceptive,5.95,4.36,6.95
traditional,5.95,3.76,5.43
vigilant,5.95,5.19,6.67
adjective,5.95,3.64,6.11
grassy,6.0,3.09,5.68
versatile,6.0,3.59,6.33
diverse,6.0,3.64,6.17
hyacinth,6.0,4.4,5.62
blonde,6.0,5.75,5.56
considerable,6.0,3.86,6.52
analytical,6.0,4.13,6.43
top,6.0,4.33,6.25
perky,6.0,6.57,5.75
inquisitive,6.0,5.33,5.85
digital,6.0,4.36,5.82
compelling,6.0,5.14,6.0
intuitive,6.0,4.28,6.29
brief,6.0,3.42,5.39
fireside,6.0,4.0,5.64
viable,6.0,4.19,6.36
opal,6.0,3.14,5.26
undressed,6.0,5.35,5.65
renowned,6.0,3.25,5.24
finesse,6.0,3.86,6.58
righteous,6.0,3.32,5.59
rightful,6.0,3.45,6.9
negotiable,6.0,4.62,5.61
full,6.0,3.48,6.06
stimulant,6.0,5.95,5.41
ethic,6.0,3.57,6.0
foxy,6.0,4.75,5.3
fondue,6.0,3.71,6.5
cathedral,6.0,3.45,5.04
opener,6.0,3.0,5.67
visual,6.0,4.43,5.78
intact,6.0,3.18,7.3
naughty,6.04,6.95,5.76
aerial,6.04,3.67,5.17
tummy,6.05,3.78,5.04
neural,6.05,3.19,4.64
competent,6.05,4.09,6.44
confidential,6.05,4.5,5.0
cautious,6.05,3.57,6.0
tempting,6.05,6.06,5.17
casual,6.05,3.0,6.35
automatic,6.05,3.7,5.27
cinematic,6.05,4.35,5.96
archaeological,6.05,4.52,5.18
dictionary,6.05,2.91,5.88
restful,6.05,2.58,6.0
wacky,6.05,4.48,4.05
preschool,6.05,3.35,4.54
audible,6.05,4.45,6.26
residential,6.05,3.27,5.82
luau,6.05,4.59,6.33
awed,6.05,4.21,6.0
valid,6.05,4.0,6.64
rare,6.05,5.1,5.08
grasshopper,6.05,4.43,5.82
bohemian,6.05,4.79,4.25
mystified,6.05,5.8,4.67
obedient,6.05,2.82,4.74
conscientious,6.05,3.0,6.54
olive,6.05,3.92,5.18
social,6.08,5.16,5.17
quick,6.08,5.16,6.18
regular,6.09,3.65,6.74
personal,6.09,3.57,4.72
jiffy,6.09,4.89,6.05
justifiable,6.1,3.58,5.84
virtual,6.1,4.24,5.72
precise,6.1,5.25,6.17
inalienable,6.1,4.4,4.4
sufficient,6.1,3.17,6.0
robust,6.1,5.24,5.76
flatter,6.1,4.61,6.0
responsive,6.1,4.9,5.54
extracurricular,6.1,4.33,6.77
nude,6.1,5.86,6.05
select,6.1,4.05,5.46
erotica,6.1,6.52,5.56
dynamic,6.1,5.43,5.52
appropriate,6.1,4.04,5.0
unmistakable,6.1,4.33,5.86
snoopy,6.11,5.05,5.13
idyllic,6.11,4.1,5.05
south,6.11,3.48,4.89
magnifying,6.11,3.58,5.56
mythical,6.11,5.1,4.91
elder,6.11,2.5,4.14
certain,6.11,3.0,6.78
refined,6.11,3.95,6.67
reminiscent,6.11,3.62,6.04
timely,6.14,3.48,5.9
open,6.14,4.43,6.17
herbal,6.14,3.87,5.25
tame,6.14,3.65,5.47
scrabble,6.14,3.52,6.56
adept,6.14,4.17,6.5
supreme,6.14,4.28,6.11
eyesight,6.14,3.52,6.28
undress,6.14,5.96,5.37
clear,6.14,2.71,6.17
straightforward,6.14,4.04,6.3
diligent,6.14,4.33,7.05
substantial,6.14,5.0,6.62
frosty,6.15,4.61,5.0
nautical,6.15,3.41,4.9
sensory,6.15,4.52,5.96
almighty,6.15,4.59,5.81
lunar,6.15,5.5,4.5
safari,6.15,5.67,5.65
thorough,6.15,3.3,7.28
cultured,6.15,3.33,6.4
additional,6.15,3.61,4.95
dimensional,6.16,3.41,4.79
treatable,6.16,3.75,5.85
outspoken,6.16,5.36,6.14
aerodynamic,6.16,4.33,5.1
lifelike,6.16,4.32,5.39
unlimited,6.16,4.52,6.61
giddy,6.17,5.32,6.4
normal,6.17,2.29,6.39
individual,6.17,3.47,6.86
magnetic,6.17,3.55,4.84
occupational,6.18,4.32,5.8
nighttime,6.18,3.91,4.78
tactful,6.18,3.62,6.32
tutu,6.19,4.15,5.08
sturdy,6.19,3.27,6.62
handy,6.19,3.62,6.16
trusty,6.19,4.17,6.14
acquittal,6.19,4.95,5.03
familiar,6.19,2.5,7.21
terrier,6.2,3.75,5.32
seductive,6.2,6.52,5.85
bridal,6.2,4.84,5.54
historic,6.2,4.12,4.82
illustrious,6.21,4.09,5.61
undefeated,6.21,4.32,7.04
untroubled,6.21,3.02,6.14
philosophical,6.21,3.5,5.39
laughable,6.21,5.6,5.46
naked,6.21,5.58,5.6
revolutionary,6.21,4.86,5.11
geographic,6.21,3.05,4.57
geographical,6.21,3.18,4.65
parental,6.21,2.73,5.93
coastal,6.21,4.3,5.05
key,6.22,3.9,6.75
astute,6.22,3.16,6.0
imaginary,6.22,3.8,6.0
actual,6.22,2.75,5.54
immortal,6.24,5.3,4.94
activist,6.24,5.26,5.86
facial,6.24,4.55,6.09
midsummer,6.24,4.8,5.14
stunning,6.24,6.5,5.81
nimble,6.25,4.5,5.41
pocketful,6.25,2.72,6.36
breezy,6.26,4.19,5.76
preferable,6.26,4.24,6.26
lawful,6.26,3.7,5.71
gizmo,6.26,4.18,5.74
progressive,6.26,4.38,6.61
outrun,6.26,5.62,5.0
oriental,6.26,3.18,5.45
sleek,6.26,4.08,5.71
instructive,6.26,4.05,5.96
hydrant,6.26,3.5,5.81
bloomers,6.26,4.57,5.13
essential,6.26,4.3,6.3
decent,6.27,4.15,6.74
sentimental,6.27,2.95,6.73
fellow,6.28,3.05,6.0
grand,6.28,3.75,6.0
responsible,6.28,3.0,7.39
green,6.29,4.07,5.64
professional,6.29,4.4,6.74
inventive,6.29,4.22,6.39
therapeutic,6.29,2.18,6.59
indoor,6.29,2.86,6.54
luminous,6.29,3.73,5.85
rhythmic,6.3,5.05,6.26
rendezvous,6.3,5.1,6.17
consensual,6.3,5.24,6.54
bicentennial,6.3,4.7,5.5
forthright,6.3,3.43,5.8
young,6.31,4.09,5.6
plush,6.32,3.05,5.62
careful,6.32,2.95,5.83
recognizable,6.32,4.59,6.5
rehabilitate,6.32,4.67,4.86
architectural,6.32,4.05,5.18
alphabetical,6.32,3.0,6.14
intergalactic,6.32,5.91,4.37
glade,6.32,2.82,5.68
extravagant,6.32,5.25,5.59
monetary,6.32,4.46,5.62
muscular,6.32,4.98,6.52
distinctive,6.32,3.78,6.18
conversational,6.32,3.38,5.43
jive,6.32,5.68,5.29
classic,6.32,3.62,6.29
sophisticated,6.32,5.13,6.18
holographic,6.33,4.23,5.11
holistic,6.33,3.0,4.89
uncomplicated,6.33,3.58,6.68
spacious,6.33,3.7,5.91
ambient,6.33,3.2,4.86
ambitious,6.33,5.76,5.88
spiffy,6.35,4.5,5.85
lean,6.35,3.32,5.84
momentous,6.35,4.9,5.95
orderly,6.36,5.05,6.38
cranberry,6.36,3.64,5.74
superior,6.37,4.74,5.95
mockingbird,6.37,4.62,5.48
eager,6.37,5.78,6.46
miraculous,6.37,6.17,4.38
lightness,6.37,4.5,5.88
indispensable,6.37,4.15,5.75
wealthy,6.37,5.3,6.11
rosemary,6.37,3.59,6.19
porcupine,6.38,4.95,4.89
gallant,6.38,5.55,5.42
undersea,6.38,4.45,3.91
proof,6.38,4.15,7.05
elaborate,6.38,4.23,6.05
logical,6.38,3.83,7.29
innovative,6.38,4.17,6.55
haircut,6.38,3.57,6.56
pulse,6.38,4.85,4.77
delicate,6.38,3.09,5.04
steamy,6.39,5.71,5.79
cordial,6.39,3.1,5.4
oneness,6.4,3.19,4.8
learner,6.4,4.23,7.14
undisturbed,6.4,2.59,6.56
vivid,6.41,5.26,5.76
african,6.42,4.11,5.8
natural,6.42,3.67,5.16
modest,6.42,2.93,7.05
scented,6.42,4.19,5.0
smooth,6.42,2.76,6.26
honorary,6.42,3.9,6.55
dainty,6.42,2.7,5.2
castle,6.42,4.72,6.35
groovy,6.42,4.67,5.46
simplistic,6.43,3.88,6.16
scholarly,6.43,5.4,6.17
consistent,6.43,3.19,6.77
quirky,6.43,4.35,5.82
attentive,6.43,4.37,6.62
sociable,6.43,4.35,6.35
geological,6.43,3.95,5.61
proficient,6.44,3.43,6.43
snazzy,6.45,5.41,6.18
mighty,6.45,5.43,6.85
eligible,6.45,4.81,6.0
symphonic,6.45,6.3,5.69
human,6.45,3.62,5.71
ecstatic,6.45,6.95,5.63
sound,6.45,4.14,5.5
powerful,6.46,5.41,6.95
prestigious,6.47,5.23,6.27
reputable,6.47,3.52,5.53
peachy,6.47,4.7,5.93
quiet,6.47,1.95,5.8
equal,6.47,3.52,6.64
active,6.47,5.62,6.32
chic,6.47,5.1,6.04
thoroughbred,6.47,4.65,5.55
mutual,6.48,3.5,6.45
symbolic,6.48,3.74,5.55
creamy,6.48,3.12,6.06
civilized,6.48,3.23,6.52
belong,6.5,2.9,5.44
bestow,6.5,3.8,6.27
seesaw,6.5,4.58,5.14
bungalow,6.5,3.64,5.7
complete,6.5,2.57,7.17
asleep,6.5,2.0,4.33
fine,6.5,3.86,5.78
antique,6.5,4.0,5.79
idealistic,6.5,4.15,5.68
understandable,6.5,3.48,6.67
profitable,6.5,5.61,5.76
shimmy,6.52,5.2,5.97
twosome,6.52,5.2,4.82
fuzzy,6.53,3.95,4.29
intriguing,6.53,5.44,5.53
fluent,6.53,3.9,5.74
astonishing,6.53,5.77,5.23
blue,6.53,3.69,5.79
protective,6.53,3.96,6.61
memorable,6.54,4.83,6.32
light,6.55,3.52,5.89
everlasting,6.55,3.85,5.23
worthy,6.56,4.77,7.04
polite,6.57,2.95,7.4
biological,6.57,3.52,5.11
mystical,6.57,5.04,5.79
colored,6.57,4.73,5.36
historical,6.57,2.59,5.07
alive,6.57,5.93,6.77
frisky,6.57,6.05,6.23
strategic,6.57,4.32,6.29
glamorous,6.58,4.81,6.22
irresistible,6.58,5.71,4.68
unbreakable,6.58,4.1,6.13
crossword,6.58,3.74,5.84
curious,6.58,5.74,6.88
snowy,6.59,3.96,5.08
universal,6.59,4.87,5.53
acceptable,6.59,3.65,6.58
harmless,6.59,3.5,5.85
educational,6.6,4.52,5.68
patriotic,6.6,4.55,6.69
visionary,6.6,4.48,5.8
ancestral,6.6,3.6,5.05
frosted,6.6,3.92,5.0
significant,6.6,4.9,6.0
unconditional,6.6,4.1,5.72
academic,6.61,3.32,6.21
connect,6.61,3.47,5.96
beneficial,6.61,4.18,6.3
satisfactory,6.62,3.14,6.12
gifted,6.62,4.43,6.67
contentment,6.62,4.6,6.58
distinguished,6.62,4.4,5.86
sizable,6.62,4.3,6.19
heterosexual,6.62,5.1,6.76
cooperative,6.62,3.43,6.72
classy,6.63,4.14,6.21
entree,6.63,3.95,6.82
spontaneous,6.63,5.71,6.13
slim,6.63,4.26,4.47
playtime,6.63,5.1,6.96
ornament,6.63,3.32,5.39
sure,6.64,3.48,6.82
sexual,6.64,6.95,7.0
able,6.64,3.38,6.17
ready,6.64,3.9,6.06
imaginative,6.65,5.18,7.05
profound,6.65,4.14,5.4
apologetic,6.65,4.0,5.0
surreal,6.65,5.11,5.12
firstborn,6.65,5.65,5.24
impressed,6.66,4.9,6.38
fresh,6.67,2.35,6.28
sympathetic,6.67,3.29,6.3
superhuman,6.67,4.73,6.33
planetary,6.67,4.65,4.81
pink,6.68,4.35,6.74
nostalgic,6.68,4.37,5.05
shiny,6.68,4.45,6.17
mellow,6.68,2.81,7.0
accessible,6.68,3.2,6.58
edible,6.68,5.15,6.45
petal,6.68,3.58,5.43
bold,6.68,4.86,6.39
angelic,6.68,4.27,6.32
sparkly,6.7,6.55,5.12
maternal,6.7,4.38,6.32
mindful,6.7,6.0,6.76
worthwhile,6.7,3.68,6.88
amiable,6.7,2.85,6.14
tall,6.71,3.85,6.47
truffle,6.71,3.5,5.09
keen,6.72,3.21,5.52
masterful,6.72,4.38,6.77
wondrous,6.73,4.52,6.16
unforgettable,6.73,5.84,5.86
photogenic,6.74,4.36,5.91
sensible,6.74,3.72,6.0
forgiving,6.74,3.95,6.45
surprising,6.75,5.65,3.77
payable,6.75,3.95,6.15
humanitarian,6.75,2.85,6.59
cherish,6.75,4.14,7.32
diner,6.75,4.04,6.43
rewarding,6.75,5.65,6.58
celestial,6.76,4.68,5.18
recreational,6.76,4.9,6.16
woof,6.76,5.15,5.22
instrumental,6.76,3.92,6.68
lifelong,6.76,4.32,6.74
eternal,6.76,3.59,5.41
commendable,6.76,3.75,6.68
zest,6.76,5.41,6.58
awake,6.76,5.5,6.68
athletic,6.76,5.0,6.11
local,6.77,3.8,6.68
interesting,6.78,5.1,6.83
unharmed,6.78,2.45,6.5
decisive,6.78,3.95,5.76
lavish,6.79,4.88,5.88
classical,6.79,3.75,6.25
advantageous,6.79,5.7,6.22
vegetable,6.79,3.75,5.17
fond,6.79,3.26,6.42
meaningful,6.79,3.78,6.29
pure,6.8,4.05,6.44
aquatic,6.8,3.58,4.53
utmost,6.81,3.1,5.59
lucrative,6.81,5.15,6.11
strong,6.81,5.14,6.54
photographic,6.81,4.19,5.58
important,6.82,4.71,6.39
cool,6.82,3.43,6.44
willing,6.83,2.76,6.5
nutritional,6.83,3.4,5.68
interested,6.83,4.45,6.83
poetic,6.83,4.4,6.32
buttercup,6.83,3.23,6.22
rich,6.83,6.81,6.83
fixable,6.84,3.48,6.52
lyrical,6.84,3.81,5.76
wishful,6.84,4.4,5.42
reconcile,6.84,4.0,5.63
precious,6.84,3.64,5.75
reasonable,6.84,3.0,5.88
virtuous,6.85,5.1,6.73
imaginable,6.85,3.0,6.19
present,6.85,4.82,6.65
moral,6.85,3.73,6.31
majesty,6.86,4.7,7.21
available,6.86,4.04,6.59
legendary,6.86,6.61,6.95
aware,6.86,4.7,7.05
potential,6.86,4.09,6.47
skillful,6.86,4.42,6.75
sincere,6.86,3.91,7.21
outgoing,6.89,5.71,5.65
victorious,6.89,6.16,7.21
calm,6.89,1.67,7.44
youthful,6.89,5.68,6.0
tasteful,6.89,4.73,6.54
believable,6.89,4.05,5.3
replenish,6.9,3.5,6.36
glorious,6.9,4.67,6.7
scenic,6.9,3.88,6.37
cultural,6.9,4.55,5.41
survive,6.9,4.53,6.21
premium,6.9,5.5,5.86
complimentary,6.9,5.15,5.92
favorable,6.9,4.59,6.78
agreeable,6.9,3.55,6.97
wholesome,6.9,4.18,6.71
authentic,6.91,4.55,6.58
male,6.91,4.5,5.89
correct,6.94,3.48,7.06
cleverness,6.95,5.55,7.1
neat,6.95,4.1,5.64
efficient,6.95,3.86,6.67
effective,6.95,3.95,7.2
magnificent,6.95,4.52,6.05
desirable,6.95,6.25,6.15
stupendous,6.95,4.57,6.38
pediatrician,6.95,4.29,5.32
sacred,6.95,5.0,5.12
supportive,6.95,3.83,6.58
credible,6.95,3.95,6.05
comical,6.95,5.1,5.64
graceful,6.95,4.0,6.52
inspirational,6.95,4.0,6.08
galactic,7.0,5.8,4.77
doggy,7.0,4.79,5.48
fertile,7.0,5.41,4.92
croissant,7.0,4.5,6.04
proud,7.0,5.55,7.09
admirable,7.0,4.57,5.81
elegant,7.0,4.43,5.95
artistic,7.0,5.0,6.86
merciful,7.0,4.22,6.75
hospitable,7.0,3.62,6.24
courteous,7.05,3.95,7.26
impressive,7.05,4.1,6.08
fragrant,7.05,4.85,6.0
capable,7.05,4.0,7.07
skilled,7.05,5.0,7.43
sanctuary,7.05,2.64,6.15
monogamous,7.05,4.4,7.0
juicy,7.05,4.7,5.48
fanciful,7.05,4.81,6.76
tropical,7.05,4.3,5.62
charming,7.05,5.0,6.95
creative,7.06,4.86,6.78
secure,7.08,3.6,7.0
nutritious,7.09,4.38,7.32
clean,7.09,3.57,6.11
real,7.09,4.05,5.89
soulful,7.1,5.68,6.38
voluptuous,7.1,5.29,5.76
barbecue,7.1,5.55,5.59
useful,7.1,3.82,6.81
cosmic,7.11,5.39,4.84
fluffy,7.11,3.45,6.11
genuine,7.11,4.27,7.5
handmade,7.11,3.62,6.36
phenomenal,7.11,5.35,6.04
limitless,7.11,5.83,6.05
fruitful,7.11,4.14,6.91
lively,7.12,6.1,6.86
terrific,7.12,5.46,6.27
flattering,7.14,4.92,6.36
majestic,7.14,4.16,6.63
appreciative,7.14,4.35,6.9
fair,7.14,3.29,6.12
treasured,7.14,5.16,7.05
festive,7.14,5.67,6.55
possible,7.14,3.71,6.0
handsome,7.15,4.41,6.22
convenient,7.15,3.48,5.08
confidant,7.15,4.25,6.82
divine,7.15,3.05,5.96
noble,7.16,4.14,6.71
satisfied,7.16,3.95,6.26
prosperous,7.16,6.0,6.76
eloquent,7.16,4.61,6.37
magic,7.17,6.05,5.33
pregnant,7.17,5.7,4.06
valuable,7.17,3.85,6.04
simple,7.17,2.71,6.5
remarkable,7.18,4.3,5.64
perfect,7.19,4.71,6.53
attractive,7.19,4.91,6.81
scrumptious,7.2,4.95,5.85
marvelous,7.21,3.77,6.21
sensational,7.21,5.7,6.37
intimate,7.22,6.02,6.29
gracious,7.23,3.23,7.05
ancient,7.24,3.48,4.86
dependable,7.24,3.5,6.3
pleasant,7.24,2.91,6.7
trustworthy,7.25,4.22,7.29
relaxed,7.25,2.49,7.09
resourceful,7.25,4.0,6.48
hearty,7.25,3.71,6.4
thoughtful,7.26,2.55,6.62
radiant,7.29,5.03,6.54
lollipop,7.29,3.88,6.1
reliable,7.3,3.76,6.72
loyal,7.31,3.65,6.8
lucky,7.32,5.3,5.36
exceptional,7.32,5.0,6.32
unique,7.32,4.0,6.43
carefree,7.32,4.15,6.45
feminine,7.33,4.32,5.09
charitable,7.33,3.5,6.56
outdoor,7.33,3.55,5.2
fashionable,7.33,4.05,5.68
picturesque,7.35,4.24,5.8
smooch,7.35,5.48,6.71
adventurous,7.37,6.67,5.71
vibrant,7.37,5.96,5.95
fascinating,7.37,5.14,6.17
delicious,7.38,4.92,5.8
optimum,7.38,5.21,5.55
beloved,7.38,4.91,6.85
homemade,7.38,4.08,6.75
brave,7.38,4.95,6.84
favorite,7.39,4.4,7.0
sensual,7.4,6.35,6.31
starry,7.4,3.96,5.59
painless,7.4,4.1,5.72
wonderful,7.41,4.57,7.19
wise,7.42,4.46,6.86
sexy,7.42,6.8,6.0
floral,7.42,2.73,5.15
accurate,7.42,4.35,6.47
gentle,7.42,3.17,6.95
helpful,7.43,3.88,6.79
energize,7.43,6.0,6.55
colorful,7.43,3.59,5.96
grandpa,7.43,3.7,5.05
fancy,7.43,5.42,7.16
generous,7.43,5.7,6.81
honesty,7.43,3.32,6.81
hopeful,7.44,4.84,6.58
heroic,7.45,5.48,6.79
respectful,7.45,3.32,6.74
triumphant,7.45,5.05,6.05
optimistic,7.45,4.19,7.0
oceanic,7.45,4.26,5.57
extraordinary,7.45,4.22,6.85
joyous,7.45,6.62,6.25
accomplish,7.45,5.16,7.27
jolly,7.47,5.95,7.4
truthful,7.48,3.71,6.75
newborn,7.48,4.96,4.89
warm,7.5,3.35,6.33
great,7.5,4.14,6.65
spectacular,7.5,6.65,6.04
original,7.5,4.4,7.16
comic,7.5,4.3,5.6
grateful,7.5,4.29,7.0
special,7.5,3.48,6.72
yummy,7.52,4.48,6.84
affordable,7.52,4.11,6.16
decorative,7.52,4.76,6.45
female,7.52,5.9,6.42
exquisite,7.53,4.59,6.55
abundant,7.55,4.21,5.81
glad,7.55,3.71,7.0
enthusiastic,7.55,5.9,6.21
lovely,7.55,3.95,6.38
exotic,7.55,6.9,5.65
cute,7.56,5.05,6.02
excellent,7.56,5.15,7.22
confident,7.56,4.62,7.04
energetic,7.57,6.1,5.81
positive,7.57,5.5,7.26
gorgeous,7.57,4.92,7.05
smiley,7.58,5.09,7.27
luxurious,7.58,4.73,6.62
kitten,7.58,3.19,6.67
funny,7.59,5.38,6.33
incredible,7.59,6.35,7.74
amusing,7.6,5.18,6.79
intelligent,7.6,5.67,6.77
romantic,7.61,5.12,6.45
beautiful,7.61,5.71,6.17
bliss,7.62,4.13,6.36
playful,7.63,5.89,6.81
inexpensive,7.63,4.74,5.72
enjoyable,7.63,4.77,7.0
intellectual,7.65,4.53,6.56
pleasing,7.65,5.2,6.15
motherly,7.67,3.74,5.08
comfortable,7.67,2.38,6.89
honorable,7.68,4.78,6.58
new,7.68,5.14,5.22
musical,7.68,5.63,5.43
safe,7.7,3.14,7.21
harmonious,7.7,4.25,6.81
amazing,7.72,6.05,6.83
smart,7.73,3.81,6.81
delighted,7.74,5.0,6.22
pleasurable,7.75,6.33,6.76
healthy,7.76,4.19,7.0
successful,7.76,5.08,7.71
thankful,7.76,4.52,6.55
sweet,7.77,4.14,6.12
kind,7.78,3.19,7.62
golden,7.79,4.25,5.67
excite,7.79,6.61,5.79
hilarious,7.8,6.11,6.32
humorous,7.81,5.33,6.8
friendly,7.84,4.27,7.6
fabulous,7.84,5.15,7.25
puppy,7.85,5.84,6.24
awesome,7.86,6.05,7.11
good,7.89,3.66,6.41
compassionate,7.95,4.73,6.86
talented,7.95,4.55,6.14
exciting,7.95,6.95,7.21
faithful,7.95,4.48,7.29
sunny,7.95,5.38,5.11
knowledgeable,7.95,4.65,7.19
entertaining,8.0,5.28,6.45
cheerful,8.0,5.76,7.32
peaceful,8.0,4.38,6.84
courageous,8.05,5.5,7.38
honest,8.16,4.0,6.7
joyful,8.21,5.53,7.05
magical,8.23,5.88,5.3
free,8.25,5.38,6.5
lovable,8.26,5.41,6.83
fantastic,8.36,6.4,7.21
happy,8.47,6.05,7.21
